FID	IID	SUPERPOP	DATASET	ASSAY	BUILD
IID	FID	SUPERPOP	DATASET	ASSAY	BUILD
HG00096	NA	EUR	1000g_phase3_wgs	WGS	GRCh38
HG00097	NA	EUR	1000g_phase3_wgs	WGS	GRCh38
HG00099	NA	EUR	1000g_phase3_wgs	WGS	GRCh38
HG00100	NA	EUR	1000g_phase3_wgs	WGS	GRCh38
HG00101	NA	EUR	1000g_phase3_wgs	WGS	GRCh38
HG00102	NA	EUR	1000g_phase3_wgs	WGS	GRCh38
HG00103	NA	EUR	1000g_phase3_wgs	WGS	GRCh38
HG00105	NA	EUR	1000g_phase3_wgs	WGS	GRCh38
HG00106	NA	EUR	1000g_phase3_wgs	WGS	GRCh38
HG00107	NA	EUR	1000g_phase3_wgs	WGS	GRCh38
HG00108	NA	EUR	1000g_phase3_wgs	WGS	GRCh38
HG00109	NA	EUR	1000g_phase3_wgs	WGS	GRCh38
HG00110	NA	EUR	1000g_phase3_wgs	WGS	GRCh38
HG00111	NA	EUR	1000g_phase3_wgs	WGS	GRCh38
HG00112	NA	EUR	1000g_phase3_wgs	WGS	GRCh38
HG00113	NA	EUR	1000g_phase3_wgs	WGS	GRCh38
HG00114	NA	EUR	1000g_phase3_wgs	WGS	GRCh38
HG00115	NA	EUR	1000g_phase3_wgs	WGS	GRCh38
HG00116	NA	EUR	1000g_phase3_wgs	WGS	GRCh38
HG00117	NA	EUR	1000g_phase3_wgs	WGS	GRCh38
HG00118	NA	EUR	1000g_phase3_wgs	WGS	GRCh38
HG00119	NA	EUR	1000g_phase3_wgs	WGS	GRCh38
HG00120	NA	EUR	1000g_phase3_wgs	WGS	GRCh38
HG00121	NA	EUR	1000g_phase3_wgs	WGS	GRCh38
HG00122	NA	EUR	1000g_phase3_wgs	WGS	GRCh38
HG00123	NA	EUR	1000g_phase3_wgs	WGS	GRCh38
HG00125	NA	EUR	1000g_phase3_wgs	WGS	GRCh38
HG00126	NA	EUR	1000g_phase3_wgs	WGS	GRCh38
HG00127	NA	EUR	1000g_phase3_wgs	WGS	GRCh38
HG00128	NA	EUR	1000g_phase3_wgs	WGS	GRCh38
HG00129	NA	EUR	1000g_phase3_wgs	WGS	GRCh38
HG00130	NA	EUR	1000g_phase3_wgs	WGS	GRCh38
HG00131	NA	EUR	1000g_phase3_wgs	WGS	GRCh38
HG00132	NA	EUR	1000g_phase3_wgs	WGS	GRCh38
HG00133	NA	EUR	1000g_phase3_wgs	WGS	GRCh38
HG00136	NA	EUR	1000g_phase3_wgs	WGS	GRCh38
HG00137	NA	EUR	1000g_phase3_wgs	WGS	GRCh38
HG00138	NA	EUR	1000g_phase3_wgs	WGS	GRCh38
HG00139	NA	EUR	1000g_phase3_wgs	WGS	GRCh38
HG00140	NA	EUR	1000g_phase3_wgs	WGS	GRCh38
HG00141	NA	EUR	1000g_phase3_wgs	WGS	GRCh38
HG00142	NA	EUR	1000g_phase3_wgs	WGS	GRCh38
HG00143	NA	EUR	1000g_phase3_wgs	WGS	GRCh38
HG00145	NA	EUR	1000g_phase3_wgs	WGS	GRCh38
HG00146	NA	EUR	1000g_phase3_wgs	WGS	GRCh38
HG00148	NA	EUR	1000g_phase3_wgs	WGS	GRCh38
HG00149	NA	EUR	1000g_phase3_wgs	WGS	GRCh38
HG00150	NA	EUR	1000g_phase3_wgs	WGS	GRCh38
HG00151	NA	EUR	1000g_phase3_wgs	WGS	GRCh38
HG00154	NA	EUR	1000g_phase3_wgs	WGS	GRCh38
HG00155	NA	EUR	1000g_phase3_wgs	WGS	GRCh38
HG00157	NA	EUR	1000g_phase3_wgs	WGS	GRCh38
HG00158	NA	EUR	1000g_phase3_wgs	WGS	GRCh38
HG00159	NA	EUR	1000g_phase3_wgs	WGS	GRCh38
HG00160	NA	EUR	1000g_phase3_wgs	WGS	GRCh38
HG00171	NA	EUR	1000g_phase3_wgs	WGS	GRCh38
HG00173	NA	EUR	1000g_phase3_wgs	WGS	GRCh38
HG00174	NA	EUR	1000g_phase3_wgs	WGS	GRCh38
HG00176	NA	EUR	1000g_phase3_wgs	WGS	GRCh38
HG00177	NA	EUR	1000g_phase3_wgs	WGS	GRCh38
HG00178	NA	EUR	1000g_phase3_wgs	WGS	GRCh38
HG00179	NA	EUR	1000g_phase3_wgs	WGS	GRCh38
HG00180	NA	EUR	1000g_phase3_wgs	WGS	GRCh38
HG00181	NA	EUR	1000g_phase3_wgs	WGS	GRCh38
HG00182	NA	EUR	1000g_phase3_wgs	WGS	GRCh38
HG00183	NA	EUR	1000g_phase3_wgs	WGS	GRCh38
HG00185	NA	EUR	1000g_phase3_wgs	WGS	GRCh38
HG00186	NA	EUR	1000g_phase3_wgs	WGS	GRCh38
HG00187	NA	EUR	1000g_phase3_wgs	WGS	GRCh38
HG00188	NA	EUR	1000g_phase3_wgs	WGS	GRCh38
HG00189	NA	EUR	1000g_phase3_wgs	WGS	GRCh38
HG00190	NA	EUR	1000g_phase3_wgs	WGS	GRCh38
HG00231	NA	EUR	1000g_phase3_wgs	WGS	GRCh38
HG00232	NA	EUR	1000g_phase3_wgs	WGS	GRCh38
HG00233	NA	EUR	1000g_phase3_wgs	WGS	GRCh38
HG00234	NA	EUR	1000g_phase3_wgs	WGS	GRCh38
HG00235	NA	EUR	1000g_phase3_wgs	WGS	GRCh38
HG00236	NA	EUR	1000g_phase3_wgs	WGS	GRCh38
HG00237	NA	EUR	1000g_phase3_wgs	WGS	GRCh38
HG00238	NA	EUR	1000g_phase3_wgs	WGS	GRCh38
HG00239	NA	EUR	1000g_phase3_wgs	WGS	GRCh38
HG00240	NA	EUR	1000g_phase3_wgs	WGS	GRCh38
HG00242	NA	EUR	1000g_phase3_wgs	WGS	GRCh38
HG00243	NA	EUR	1000g_phase3_wgs	WGS	GRCh38
HG00244	NA	EUR	1000g_phase3_wgs	WGS	GRCh38
HG00245	NA	EUR	1000g_phase3_wgs	WGS	GRCh38
HG00246	NA	EUR	1000g_phase3_wgs	WGS	GRCh38
HG00250	NA	EUR	1000g_phase3_wgs	WGS	GRCh38
HG00251	NA	EUR	1000g_phase3_wgs	WGS	GRCh38
HG00252	NA	EUR	1000g_phase3_wgs	WGS	GRCh38
HG00253	NA	EUR	1000g_phase3_wgs	WGS	GRCh38
HG00254	NA	EUR	1000g_phase3_wgs	WGS	GRCh38
HG00255	NA	EUR	1000g_phase3_wgs	WGS	GRCh38
HG00256	NA	EUR	1000g_phase3_wgs	WGS	GRCh38
HG00257	NA	EUR	1000g_phase3_wgs	WGS	GRCh38
HG00258	NA	EUR	1000g_phase3_wgs	WGS	GRCh38
HG00259	NA	EUR	1000g_phase3_wgs	WGS	GRCh38
HG00260	NA	EUR	1000g_phase3_wgs	WGS	GRCh38
HG00261	NA	EUR	1000g_phase3_wgs	WGS	GRCh38
HG00262	NA	EUR	1000g_phase3_wgs	WGS	GRCh38
HG00263	NA	EUR	1000g_phase3_wgs	WGS	GRCh38
HG00264	NA	EUR	1000g_phase3_wgs	WGS	GRCh38
HG00265	NA	EUR	1000g_phase3_wgs	WGS	GRCh38
HG00266	NA	EUR	1000g_phase3_wgs	WGS	GRCh38
HG00267	NA	EUR	1000g_phase3_wgs	WGS	GRCh38
HG00268	NA	EUR	1000g_phase3_wgs	WGS	GRCh38
HG00269	NA	EUR	1000g_phase3_wgs	WGS	GRCh38
HG00271	NA	EUR	1000g_phase3_wgs	WGS	GRCh38
HG00272	NA	EUR	1000g_phase3_wgs	WGS	GRCh38
HG00273	NA	EUR	1000g_phase3_wgs	WGS	GRCh38
HG00274	NA	EUR	1000g_phase3_wgs	WGS	GRCh38
HG00275	NA	EUR	1000g_phase3_wgs	WGS	GRCh38
HG00276	NA	EUR	1000g_phase3_wgs	WGS	GRCh38
HG00277	NA	EUR	1000g_phase3_wgs	WGS	GRCh38
HG00278	NA	EUR	1000g_phase3_wgs	WGS	GRCh38
HG00280	NA	EUR	1000g_phase3_wgs	WGS	GRCh38
HG00281	NA	EUR	1000g_phase3_wgs	WGS	GRCh38
HG00282	NA	EUR	1000g_phase3_wgs	WGS	GRCh38
HG00284	NA	EUR	1000g_phase3_wgs	WGS	GRCh38
HG00285	NA	EUR	1000g_phase3_wgs	WGS	GRCh38
HG00288	NA	EUR	1000g_phase3_wgs	WGS	GRCh38
HG00290	NA	EUR	1000g_phase3_wgs	WGS	GRCh38
HG00304	NA	EUR	1000g_phase3_wgs	WGS	GRCh38
HG00306	NA	EUR	1000g_phase3_wgs	WGS	GRCh38
HG00308	NA	EUR	1000g_phase3_wgs	WGS	GRCh38
HG00309	NA	EUR	1000g_phase3_wgs	WGS	GRCh38
HG00310	NA	EUR	1000g_phase3_wgs	WGS	GRCh38
HG00311	NA	EUR	1000g_phase3_wgs	WGS	GRCh38
HG00313	NA	EUR	1000g_phase3_wgs	WGS	GRCh38
HG00315	NA	EUR	1000g_phase3_wgs	WGS	GRCh38
HG00318	NA	EUR	1000g_phase3_wgs	WGS	GRCh38
HG00319	NA	EUR	1000g_phase3_wgs	WGS	GRCh38
HG00320	NA	EUR	1000g_phase3_wgs	WGS	GRCh38
HG00321	NA	EUR	1000g_phase3_wgs	WGS	GRCh38
HG00323	NA	EUR	1000g_phase3_wgs	WGS	GRCh38
HG00324	NA	EUR	1000g_phase3_wgs	WGS	GRCh38
HG00325	NA	EUR	1000g_phase3_wgs	WGS	GRCh38
HG00326	NA	EUR	1000g_phase3_wgs	WGS	GRCh38
HG00327	NA	EUR	1000g_phase3_wgs	WGS	GRCh38
HG00328	NA	EUR	1000g_phase3_wgs	WGS	GRCh38
HG00329	NA	EUR	1000g_phase3_wgs	WGS	GRCh38
HG00330	NA	EUR	1000g_phase3_wgs	WGS	GRCh38
HG00331	NA	EUR	1000g_phase3_wgs	WGS	GRCh38
HG00332	NA	EUR	1000g_phase3_wgs	WGS	GRCh38
HG00334	NA	EUR	1000g_phase3_wgs	WGS	GRCh38
HG00335	NA	EUR	1000g_phase3_wgs	WGS	GRCh38
HG00336	NA	EUR	1000g_phase3_wgs	WGS	GRCh38
HG00337	NA	EUR	1000g_phase3_wgs	WGS	GRCh38
HG00338	NA	EUR	1000g_phase3_wgs	WGS	GRCh38
HG00339	NA	EUR	1000g_phase3_wgs	WGS	GRCh38
HG00341	NA	EUR	1000g_phase3_wgs	WGS	GRCh38
HG00342	NA	EUR	1000g_phase3_wgs	WGS	GRCh38
HG00343	NA	EUR	1000g_phase3_wgs	WGS	GRCh38
HG00344	NA	EUR	1000g_phase3_wgs	WGS	GRCh38
HG00345	NA	EUR	1000g_phase3_wgs	WGS	GRCh38
HG00346	NA	EUR	1000g_phase3_wgs	WGS	GRCh38
HG00349	NA	EUR	1000g_phase3_wgs	WGS	GRCh38
HG00350	NA	EUR	1000g_phase3_wgs	WGS	GRCh38
HG00351	NA	EUR	1000g_phase3_wgs	WGS	GRCh38
HG00353	NA	EUR	1000g_phase3_wgs	WGS	GRCh38
HG00355	NA	EUR	1000g_phase3_wgs	WGS	GRCh38
HG00356	NA	EUR	1000g_phase3_wgs	WGS	GRCh38
HG00357	NA	EUR	1000g_phase3_wgs	WGS	GRCh38
HG00358	NA	EUR	1000g_phase3_wgs	WGS	GRCh38
HG00360	NA	EUR	1000g_phase3_wgs	WGS	GRCh38
HG00361	NA	EUR	1000g_phase3_wgs	WGS	GRCh38
HG00362	NA	EUR	1000g_phase3_wgs	WGS	GRCh38
HG00364	NA	EUR	1000g_phase3_wgs	WGS	GRCh38
HG00365	NA	EUR	1000g_phase3_wgs	WGS	GRCh38
HG00366	NA	EUR	1000g_phase3_wgs	WGS	GRCh38
HG00367	NA	EUR	1000g_phase3_wgs	WGS	GRCh38
HG00368	NA	EUR	1000g_phase3_wgs	WGS	GRCh38
HG00369	NA	EUR	1000g_phase3_wgs	WGS	GRCh38
HG00371	NA	EUR	1000g_phase3_wgs	WGS	GRCh38
HG00372	NA	EUR	1000g_phase3_wgs	WGS	GRCh38
HG00373	NA	EUR	1000g_phase3_wgs	WGS	GRCh38
HG00375	NA	EUR	1000g_phase3_wgs	WGS	GRCh38
HG00376	NA	EUR	1000g_phase3_wgs	WGS	GRCh38
HG00378	NA	EUR	1000g_phase3_wgs	WGS	GRCh38
HG00379	NA	EUR	1000g_phase3_wgs	WGS	GRCh38
HG00380	NA	EUR	1000g_phase3_wgs	WGS	GRCh38
HG00381	NA	EUR	1000g_phase3_wgs	WGS	GRCh38
HG00382	NA	EUR	1000g_phase3_wgs	WGS	GRCh38
HG00383	NA	EUR	1000g_phase3_wgs	WGS	GRCh38
HG00384	NA	EUR	1000g_phase3_wgs	WGS	GRCh38
HG00403	NA	EAS	1000g_phase3_wgs	WGS	GRCh38
HG00404	NA	EAS	1000g_phase3_wgs	WGS	GRCh38
HG00406	NA	EAS	1000g_phase3_wgs	WGS	GRCh38
HG00407	NA	EAS	1000g_phase3_wgs	WGS	GRCh38
HG00409	NA	EAS	1000g_phase3_wgs	WGS	GRCh38
HG00410	NA	EAS	1000g_phase3_wgs	WGS	GRCh38
HG00418	NA	EAS	1000g_phase3_wgs	WGS	GRCh38
HG00419	NA	EAS	1000g_phase3_wgs	WGS	GRCh38
HG00421	NA	EAS	1000g_phase3_wgs	WGS	GRCh38
HG00422	NA	EAS	1000g_phase3_wgs	WGS	GRCh38
HG00428	NA	EAS	1000g_phase3_wgs	WGS	GRCh38
HG00436	NA	EAS	1000g_phase3_wgs	WGS	GRCh38
HG00437	NA	EAS	1000g_phase3_wgs	WGS	GRCh38
HG00442	NA	EAS	1000g_phase3_wgs	WGS	GRCh38
HG00443	NA	EAS	1000g_phase3_wgs	WGS	GRCh38
HG00445	NA	EAS	1000g_phase3_wgs	WGS	GRCh38
HG00446	NA	EAS	1000g_phase3_wgs	WGS	GRCh38
HG00448	NA	EAS	1000g_phase3_wgs	WGS	GRCh38
HG00449	NA	EAS	1000g_phase3_wgs	WGS	GRCh38
HG00451	NA	EAS	1000g_phase3_wgs	WGS	GRCh38
HG00452	NA	EAS	1000g_phase3_wgs	WGS	GRCh38
HG00457	NA	EAS	1000g_phase3_wgs	WGS	GRCh38
HG00458	NA	EAS	1000g_phase3_wgs	WGS	GRCh38
HG00463	NA	EAS	1000g_phase3_wgs	WGS	GRCh38
HG00464	NA	EAS	1000g_phase3_wgs	WGS	GRCh38
HG00472	NA	EAS	1000g_phase3_wgs	WGS	GRCh38
HG00473	NA	EAS	1000g_phase3_wgs	WGS	GRCh38
HG00475	NA	EAS	1000g_phase3_wgs	WGS	GRCh38
HG00476	NA	EAS	1000g_phase3_wgs	WGS	GRCh38
HG00478	NA	EAS	1000g_phase3_wgs	WGS	GRCh38
HG00479	NA	EAS	1000g_phase3_wgs	WGS	GRCh38
HG00500	NA	EAS	1000g_phase3_wgs	WGS	GRCh38
HG00512	NA	EAS	1000g_phase3_wgs	WGS	GRCh38
HG00513	NA	EAS	1000g_phase3_wgs	WGS	GRCh38
HG00525	NA	EAS	1000g_phase3_wgs	WGS	GRCh38
HG00530	NA	EAS	1000g_phase3_wgs	WGS	GRCh38
HG00531	NA	EAS	1000g_phase3_wgs	WGS	GRCh38
HG00533	NA	EAS	1000g_phase3_wgs	WGS	GRCh38
HG00534	NA	EAS	1000g_phase3_wgs	WGS	GRCh38
HG00536	NA	EAS	1000g_phase3_wgs	WGS	GRCh38
HG00537	NA	EAS	1000g_phase3_wgs	WGS	GRCh38
HG00542	NA	EAS	1000g_phase3_wgs	WGS	GRCh38
HG00543	NA	EAS	1000g_phase3_wgs	WGS	GRCh38
HG00551	NA	AMR	1000g_phase3_wgs	WGS	GRCh38
HG00553	NA	AMR	1000g_phase3_wgs	WGS	GRCh38
HG00554	NA	AMR	1000g_phase3_wgs	WGS	GRCh38
HG00556	NA	EAS	1000g_phase3_wgs	WGS	GRCh38
HG00557	NA	EAS	1000g_phase3_wgs	WGS	GRCh38
HG00559	NA	EAS	1000g_phase3_wgs	WGS	GRCh38
HG00560	NA	EAS	1000g_phase3_wgs	WGS	GRCh38
HG00565	NA	EAS	1000g_phase3_wgs	WGS	GRCh38
HG00566	NA	EAS	1000g_phase3_wgs	WGS	GRCh38
HG00577	NA	EAS	1000g_phase3_wgs	WGS	GRCh38
HG00580	NA	EAS	1000g_phase3_wgs	WGS	GRCh38
HG00581	NA	EAS	1000g_phase3_wgs	WGS	GRCh38
HG00583	NA	EAS	1000g_phase3_wgs	WGS	GRCh38
HG00589	NA	EAS	1000g_phase3_wgs	WGS	GRCh38
HG00590	NA	EAS	1000g_phase3_wgs	WGS	GRCh38
HG00592	NA	EAS	1000g_phase3_wgs	WGS	GRCh38
HG00593	NA	EAS	1000g_phase3_wgs	WGS	GRCh38
HG00595	NA	EAS	1000g_phase3_wgs	WGS	GRCh38
HG00596	NA	EAS	1000g_phase3_wgs	WGS	GRCh38
HG00598	NA	EAS	1000g_phase3_wgs	WGS	GRCh38
HG00599	NA	EAS	1000g_phase3_wgs	WGS	GRCh38
HG00607	NA	EAS	1000g_phase3_wgs	WGS	GRCh38
HG00608	NA	EAS	1000g_phase3_wgs	WGS	GRCh38
HG00610	NA	EAS	1000g_phase3_wgs	WGS	GRCh38
HG00611	NA	EAS	1000g_phase3_wgs	WGS	GRCh38
HG00613	NA	EAS	1000g_phase3_wgs	WGS	GRCh38
HG00614	NA	EAS	1000g_phase3_wgs	WGS	GRCh38
HG00619	NA	EAS	1000g_phase3_wgs	WGS	GRCh38
HG00620	NA	EAS	1000g_phase3_wgs	WGS	GRCh38
HG00622	NA	EAS	1000g_phase3_wgs	WGS	GRCh38
HG00623	NA	EAS	1000g_phase3_wgs	WGS	GRCh38
HG00625	NA	EAS	1000g_phase3_wgs	WGS	GRCh38
HG00626	NA	EAS	1000g_phase3_wgs	WGS	GRCh38
HG00628	NA	EAS	1000g_phase3_wgs	WGS	GRCh38
HG00629	NA	EAS	1000g_phase3_wgs	WGS	GRCh38
HG00631	NA	EAS	1000g_phase3_wgs	WGS	GRCh38
HG00632	NA	EAS	1000g_phase3_wgs	WGS	GRCh38
HG00634	NA	EAS	1000g_phase3_wgs	WGS	GRCh38
HG00637	NA	AMR	1000g_phase3_wgs	WGS	GRCh38
HG00638	NA	AMR	1000g_phase3_wgs	WGS	GRCh38
HG00640	NA	AMR	1000g_phase3_wgs	WGS	GRCh38
HG00641	NA	AMR	1000g_phase3_wgs	WGS	GRCh38
HG00650	NA	EAS	1000g_phase3_wgs	WGS	GRCh38
HG00651	NA	EAS	1000g_phase3_wgs	WGS	GRCh38
HG00653	NA	EAS	1000g_phase3_wgs	WGS	GRCh38
HG00654	NA	EAS	1000g_phase3_wgs	WGS	GRCh38
HG00656	NA	EAS	1000g_phase3_wgs	WGS	GRCh38
HG00657	NA	EAS	1000g_phase3_wgs	WGS	GRCh38
HG00662	NA	EAS	1000g_phase3_wgs	WGS	GRCh38
HG00663	NA	EAS	1000g_phase3_wgs	WGS	GRCh38
HG00671	NA	EAS	1000g_phase3_wgs	WGS	GRCh38
HG00672	NA	EAS	1000g_phase3_wgs	WGS	GRCh38
HG00674	NA	EAS	1000g_phase3_wgs	WGS	GRCh38
HG00675	NA	EAS	1000g_phase3_wgs	WGS	GRCh38
HG00683	NA	EAS	1000g_phase3_wgs	WGS	GRCh38
HG00684	NA	EAS	1000g_phase3_wgs	WGS	GRCh38
HG00689	NA	EAS	1000g_phase3_wgs	WGS	GRCh38
HG00690	NA	EAS	1000g_phase3_wgs	WGS	GRCh38
HG00692	NA	EAS	1000g_phase3_wgs	WGS	GRCh38
HG00693	NA	EAS	1000g_phase3_wgs	WGS	GRCh38
HG00698	NA	EAS	1000g_phase3_wgs	WGS	GRCh38
HG00699	NA	EAS	1000g_phase3_wgs	WGS	GRCh38
HG00701	NA	EAS	1000g_phase3_wgs	WGS	GRCh38
HG00704	NA	EAS	1000g_phase3_wgs	WGS	GRCh38
HG00705	NA	EAS	1000g_phase3_wgs	WGS	GRCh38
HG00707	NA	EAS	1000g_phase3_wgs	WGS	GRCh38
HG00708	NA	EAS	1000g_phase3_wgs	WGS	GRCh38
HG00717	NA	EAS	1000g_phase3_wgs	WGS	GRCh38
HG00728	NA	EAS	1000g_phase3_wgs	WGS	GRCh38
HG00729	NA	EAS	1000g_phase3_wgs	WGS	GRCh38
HG00731	NA	AMR	1000g_phase3_wgs	WGS	GRCh38
HG00732	NA	AMR	1000g_phase3_wgs	WGS	GRCh38
HG00734	NA	AMR	1000g_phase3_wgs	WGS	GRCh38
HG00736	NA	AMR	1000g_phase3_wgs	WGS	GRCh38
HG00737	NA	AMR	1000g_phase3_wgs	WGS	GRCh38
HG00739	NA	AMR	1000g_phase3_wgs	WGS	GRCh38
HG00740	NA	AMR	1000g_phase3_wgs	WGS	GRCh38
HG00742	NA	AMR	1000g_phase3_wgs	WGS	GRCh38
HG00743	NA	AMR	1000g_phase3_wgs	WGS	GRCh38
HG00759	NA	EAS	1000g_phase3_wgs	WGS	GRCh38
HG00766	NA	EAS	1000g_phase3_wgs	WGS	GRCh38
HG00844	NA	EAS	1000g_phase3_wgs	WGS	GRCh38
HG00851	NA	EAS	1000g_phase3_wgs	WGS	GRCh38
HG00864	NA	EAS	1000g_phase3_wgs	WGS	GRCh38
HG00867	NA	EAS	1000g_phase3_wgs	WGS	GRCh38
HG00879	NA	EAS	1000g_phase3_wgs	WGS	GRCh38
HG00881	NA	EAS	1000g_phase3_wgs	WGS	GRCh38
HG00956	NA	EAS	1000g_phase3_wgs	WGS	GRCh38
HG00978	NA	EAS	1000g_phase3_wgs	WGS	GRCh38
HG00982	NA	EAS	1000g_phase3_wgs	WGS	GRCh38
HG01028	NA	EAS	1000g_phase3_wgs	WGS	GRCh38
HG01029	NA	EAS	1000g_phase3_wgs	WGS	GRCh38
HG01031	NA	EAS	1000g_phase3_wgs	WGS	GRCh38
HG01046	NA	EAS	1000g_phase3_wgs	WGS	GRCh38
HG01047	NA	AMR	1000g_phase3_wgs	WGS	GRCh38
HG01048	NA	AMR	1000g_phase3_wgs	WGS	GRCh38
HG01049	NA	AMR	1000g_phase3_wgs	WGS	GRCh38
HG01051	NA	AMR	1000g_phase3_wgs	WGS	GRCh38
HG01052	NA	AMR	1000g_phase3_wgs	WGS	GRCh38
HG01054	NA	AMR	1000g_phase3_wgs	WGS	GRCh38
HG01055	NA	AMR	1000g_phase3_wgs	WGS	GRCh38
HG01058	NA	AMR	1000g_phase3_wgs	WGS	GRCh38
HG01060	NA	AMR	1000g_phase3_wgs	WGS	GRCh38
HG01061	NA	AMR	1000g_phase3_wgs	WGS	GRCh38
HG01063	NA	AMR	1000g_phase3_wgs	WGS	GRCh38
HG01064	NA	AMR	1000g_phase3_wgs	WGS	GRCh38
HG01066	NA	AMR	1000g_phase3_wgs	WGS	GRCh38
HG01067	NA	AMR	1000g_phase3_wgs	WGS	GRCh38
HG01069	NA	AMR	1000g_phase3_wgs	WGS	GRCh38
HG01070	NA	AMR	1000g_phase3_wgs	WGS	GRCh38
HG01072	NA	AMR	1000g_phase3_wgs	WGS	GRCh38
HG01073	NA	AMR	1000g_phase3_wgs	WGS	GRCh38
HG01075	NA	AMR	1000g_phase3_wgs	WGS	GRCh38
HG01077	NA	AMR	1000g_phase3_wgs	WGS	GRCh38
HG01079	NA	AMR	1000g_phase3_wgs	WGS	GRCh38
HG01080	NA	AMR	1000g_phase3_wgs	WGS	GRCh38
HG01082	NA	AMR	1000g_phase3_wgs	WGS	GRCh38
HG01083	NA	AMR	1000g_phase3_wgs	WGS	GRCh38
HG01085	NA	AMR	1000g_phase3_wgs	WGS	GRCh38
HG01086	NA	AMR	1000g_phase3_wgs	WGS	GRCh38
HG01088	NA	AMR	1000g_phase3_wgs	WGS	GRCh38
HG01089	NA	AMR	1000g_phase3_wgs	WGS	GRCh38
HG01092	NA	AMR	1000g_phase3_wgs	WGS	GRCh38
HG01094	NA	AMR	1000g_phase3_wgs	WGS	GRCh38
HG01095	NA	AMR	1000g_phase3_wgs	WGS	GRCh38
HG01097	NA	AMR	1000g_phase3_wgs	WGS	GRCh38
HG01098	NA	AMR	1000g_phase3_wgs	WGS	GRCh38
HG01101	NA	AMR	1000g_phase3_wgs	WGS	GRCh38
HG01102	NA	AMR	1000g_phase3_wgs	WGS	GRCh38
HG01104	NA	AMR	1000g_phase3_wgs	WGS	GRCh38
HG01105	NA	AMR	1000g_phase3_wgs	WGS	GRCh38
HG01107	NA	AMR	1000g_phase3_wgs	WGS	GRCh38
HG01108	NA	AMR	1000g_phase3_wgs	WGS	GRCh38
HG01110	NA	AMR	1000g_phase3_wgs	WGS	GRCh38
HG01111	NA	AMR	1000g_phase3_wgs	WGS	GRCh38
HG01112	NA	AMR	1000g_phase3_wgs	WGS	GRCh38
HG01113	NA	AMR	1000g_phase3_wgs	WGS	GRCh38
HG01119	NA	AMR	1000g_phase3_wgs	WGS	GRCh38
HG01121	NA	AMR	1000g_phase3_wgs	WGS	GRCh38
HG01122	NA	AMR	1000g_phase3_wgs	WGS	GRCh38
HG01124	NA	AMR	1000g_phase3_wgs	WGS	GRCh38
HG01125	NA	AMR	1000g_phase3_wgs	WGS	GRCh38
HG01130	NA	AMR	1000g_phase3_wgs	WGS	GRCh38
HG01131	NA	AMR	1000g_phase3_wgs	WGS	GRCh38
HG01133	NA	AMR	1000g_phase3_wgs	WGS	GRCh38
HG01134	NA	AMR	1000g_phase3_wgs	WGS	GRCh38
HG01136	NA	AMR	1000g_phase3_wgs	WGS	GRCh38
HG01137	NA	AMR	1000g_phase3_wgs	WGS	GRCh38
HG01139	NA	AMR	1000g_phase3_wgs	WGS	GRCh38
HG01140	NA	AMR	1000g_phase3_wgs	WGS	GRCh38
HG01142	NA	AMR	1000g_phase3_wgs	WGS	GRCh38
HG01148	NA	AMR	1000g_phase3_wgs	WGS	GRCh38
HG01149	NA	AMR	1000g_phase3_wgs	WGS	GRCh38
HG01161	NA	AMR	1000g_phase3_wgs	WGS	GRCh38
HG01162	NA	AMR	1000g_phase3_wgs	WGS	GRCh38
HG01164	NA	AMR	1000g_phase3_wgs	WGS	GRCh38
HG01167	NA	AMR	1000g_phase3_wgs	WGS	GRCh38
HG01168	NA	AMR	1000g_phase3_wgs	WGS	GRCh38
HG01170	NA	AMR	1000g_phase3_wgs	WGS	GRCh38
HG01171	NA	AMR	1000g_phase3_wgs	WGS	GRCh38
HG01173	NA	AMR	1000g_phase3_wgs	WGS	GRCh38
HG01174	NA	AMR	1000g_phase3_wgs	WGS	GRCh38
HG01176	NA	AMR	1000g_phase3_wgs	WGS	GRCh38
HG01177	NA	AMR	1000g_phase3_wgs	WGS	GRCh38
HG01182	NA	AMR	1000g_phase3_wgs	WGS	GRCh38
HG01183	NA	AMR	1000g_phase3_wgs	WGS	GRCh38
HG01187	NA	AMR	1000g_phase3_wgs	WGS	GRCh38
HG01188	NA	AMR	1000g_phase3_wgs	WGS	GRCh38
HG01190	NA	AMR	1000g_phase3_wgs	WGS	GRCh38
HG01191	NA	AMR	1000g_phase3_wgs	WGS	GRCh38
HG01197	NA	AMR	1000g_phase3_wgs	WGS	GRCh38
HG01198	NA	AMR	1000g_phase3_wgs	WGS	GRCh38
HG01200	NA	AMR	1000g_phase3_wgs	WGS	GRCh38
HG01204	NA	AMR	1000g_phase3_wgs	WGS	GRCh38
HG01205	NA	AMR	1000g_phase3_wgs	WGS	GRCh38
HG01241	NA	AMR	1000g_phase3_wgs	WGS	GRCh38
HG01242	NA	AMR	1000g_phase3_wgs	WGS	GRCh38
HG01247	NA	AMR	1000g_phase3_wgs	WGS	GRCh38
HG01248	NA	AMR	1000g_phase3_wgs	WGS	GRCh38
HG01250	NA	AMR	1000g_phase3_wgs	WGS	GRCh38
HG01251	NA	AMR	1000g_phase3_wgs	WGS	GRCh38
HG01253	NA	AMR	1000g_phase3_wgs	WGS	GRCh38
HG01254	NA	AMR	1000g_phase3_wgs	WGS	GRCh38
HG01256	NA	AMR	1000g_phase3_wgs	WGS	GRCh38
HG01257	NA	AMR	1000g_phase3_wgs	WGS	GRCh38
HG01259	NA	AMR	1000g_phase3_wgs	WGS	GRCh38
HG01260	NA	AMR	1000g_phase3_wgs	WGS	GRCh38
HG01269	NA	AMR	1000g_phase3_wgs	WGS	GRCh38
HG01271	NA	AMR	1000g_phase3_wgs	WGS	GRCh38
HG01272	NA	AMR	1000g_phase3_wgs	WGS	GRCh38
HG01274	NA	AMR	1000g_phase3_wgs	WGS	GRCh38
HG01275	NA	AMR	1000g_phase3_wgs	WGS	GRCh38
HG01277	NA	AMR	1000g_phase3_wgs	WGS	GRCh38
HG01278	NA	AMR	1000g_phase3_wgs	WGS	GRCh38
HG01280	NA	AMR	1000g_phase3_wgs	WGS	GRCh38
HG01281	NA	AMR	1000g_phase3_wgs	WGS	GRCh38
HG01284	NA	AMR	1000g_phase3_wgs	WGS	GRCh38
HG01286	NA	AMR	1000g_phase3_wgs	WGS	GRCh38
HG01302	NA	AMR	1000g_phase3_wgs	WGS	GRCh38
HG01303	NA	AMR	1000g_phase3_wgs	WGS	GRCh38
HG01305	NA	AMR	1000g_phase3_wgs	WGS	GRCh38
HG01308	NA	AMR	1000g_phase3_wgs	WGS	GRCh38
HG01311	NA	AMR	1000g_phase3_wgs	WGS	GRCh38
HG01312	NA	AMR	1000g_phase3_wgs	WGS	GRCh38
HG01323	NA	AMR	1000g_phase3_wgs	WGS	GRCh38
HG01325	NA	AMR	1000g_phase3_wgs	WGS	GRCh38
HG01326	NA	AMR	1000g_phase3_wgs	WGS	GRCh38
HG01334	NA	EUR	1000g_phase3_wgs	WGS	GRCh38
HG01341	NA	AMR	1000g_phase3_wgs	WGS	GRCh38
HG01342	NA	AMR	1000g_phase3_wgs	WGS	GRCh38
HG01344	NA	AMR	1000g_phase3_wgs	WGS	GRCh38
HG01345	NA	AMR	1000g_phase3_wgs	WGS	GRCh38
HG01347	NA	AMR	1000g_phase3_wgs	WGS	GRCh38
HG01348	NA	AMR	1000g_phase3_wgs	WGS	GRCh38
HG01350	NA	AMR	1000g_phase3_wgs	WGS	GRCh38
HG01351	NA	AMR	1000g_phase3_wgs	WGS	GRCh38
HG01353	NA	AMR	1000g_phase3_wgs	WGS	GRCh38
HG01354	NA	AMR	1000g_phase3_wgs	WGS	GRCh38
HG01356	NA	AMR	1000g_phase3_wgs	WGS	GRCh38
HG01357	NA	AMR	1000g_phase3_wgs	WGS	GRCh38
HG01359	NA	AMR	1000g_phase3_wgs	WGS	GRCh38
HG01360	NA	AMR	1000g_phase3_wgs	WGS	GRCh38
HG01362	NA	AMR	1000g_phase3_wgs	WGS	GRCh38
HG01363	NA	AMR	1000g_phase3_wgs	WGS	GRCh38
HG01365	NA	AMR	1000g_phase3_wgs	WGS	GRCh38
HG01366	NA	AMR	1000g_phase3_wgs	WGS	GRCh38
HG01369	NA	AMR	1000g_phase3_wgs	WGS	GRCh38
HG01372	NA	AMR	1000g_phase3_wgs	WGS	GRCh38
HG01374	NA	AMR	1000g_phase3_wgs	WGS	GRCh38
HG01375	NA	AMR	1000g_phase3_wgs	WGS	GRCh38
HG01377	NA	AMR	1000g_phase3_wgs	WGS	GRCh38
HG01378	NA	AMR	1000g_phase3_wgs	WGS	GRCh38
HG01383	NA	AMR	1000g_phase3_wgs	WGS	GRCh38
HG01384	NA	AMR	1000g_phase3_wgs	WGS	GRCh38
HG01389	NA	AMR	1000g_phase3_wgs	WGS	GRCh38
HG01390	NA	AMR	1000g_phase3_wgs	WGS	GRCh38
HG01392	NA	AMR	1000g_phase3_wgs	WGS	GRCh38
HG01393	NA	AMR	1000g_phase3_wgs	WGS	GRCh38
HG01395	NA	AMR	1000g_phase3_wgs	WGS	GRCh38
HG01396	NA	AMR	1000g_phase3_wgs	WGS	GRCh38
HG01398	NA	AMR	1000g_phase3_wgs	WGS	GRCh38
HG01402	NA	AMR	1000g_phase3_wgs	WGS	GRCh38
HG01403	NA	AMR	1000g_phase3_wgs	WGS	GRCh38
HG01405	NA	AMR	1000g_phase3_wgs	WGS	GRCh38
HG01412	NA	AMR	1000g_phase3_wgs	WGS	GRCh38
HG01413	NA	AMR	1000g_phase3_wgs	WGS	GRCh38
HG01414	NA	AMR	1000g_phase3_wgs	WGS	GRCh38
HG01431	NA	AMR	1000g_phase3_wgs	WGS	GRCh38
HG01432	NA	AMR	1000g_phase3_wgs	WGS	GRCh38
HG01435	NA	AMR	1000g_phase3_wgs	WGS	GRCh38
HG01437	NA	AMR	1000g_phase3_wgs	WGS	GRCh38
HG01438	NA	AMR	1000g_phase3_wgs	WGS	GRCh38
HG01440	NA	AMR	1000g_phase3_wgs	WGS	GRCh38
HG01441	NA	AMR	1000g_phase3_wgs	WGS	GRCh38
HG01443	NA	AMR	1000g_phase3_wgs	WGS	GRCh38
HG01444	NA	AMR	1000g_phase3_wgs	WGS	GRCh38
HG01447	NA	AMR	1000g_phase3_wgs	WGS	GRCh38
HG01455	NA	AMR	1000g_phase3_wgs	WGS	GRCh38
HG01456	NA	AMR	1000g_phase3_wgs	WGS	GRCh38
HG01459	NA	AMR	1000g_phase3_wgs	WGS	GRCh38
HG01461	NA	AMR	1000g_phase3_wgs	WGS	GRCh38
HG01462	NA	AMR	1000g_phase3_wgs	WGS	GRCh38
HG01464	NA	AMR	1000g_phase3_wgs	WGS	GRCh38
HG01465	NA	AMR	1000g_phase3_wgs	WGS	GRCh38
HG01468	NA	AMR	1000g_phase3_wgs	WGS	GRCh38
HG01474	NA	AMR	1000g_phase3_wgs	WGS	GRCh38
HG01479	NA	AMR	1000g_phase3_wgs	WGS	GRCh38
HG01485	NA	AMR	1000g_phase3_wgs	WGS	GRCh38
HG01486	NA	AMR	1000g_phase3_wgs	WGS	GRCh38
HG01488	NA	AMR	1000g_phase3_wgs	WGS	GRCh38
HG01489	NA	AMR	1000g_phase3_wgs	WGS	GRCh38
HG01491	NA	AMR	1000g_phase3_wgs	WGS	GRCh38
HG01492	NA	AMR	1000g_phase3_wgs	WGS	GRCh38
HG01494	NA	AMR	1000g_phase3_wgs	WGS	GRCh38
HG01495	NA	AMR	1000g_phase3_wgs	WGS	GRCh38
HG01497	NA	AMR	1000g_phase3_wgs	WGS	GRCh38
HG01498	NA	AMR	1000g_phase3_wgs	WGS	GRCh38
HG01500	NA	EUR	1000g_phase3_wgs	WGS	GRCh38
HG01501	NA	EUR	1000g_phase3_wgs	WGS	GRCh38
HG01503	NA	EUR	1000g_phase3_wgs	WGS	GRCh38
HG01504	NA	EUR	1000g_phase3_wgs	WGS	GRCh38
HG01506	NA	EUR	1000g_phase3_wgs	WGS	GRCh38
HG01507	NA	EUR	1000g_phase3_wgs	WGS	GRCh38
HG01509	NA	EUR	1000g_phase3_wgs	WGS	GRCh38
HG01510	NA	EUR	1000g_phase3_wgs	WGS	GRCh38
HG01512	NA	EUR	1000g_phase3_wgs	WGS	GRCh38
HG01513	NA	EUR	1000g_phase3_wgs	WGS	GRCh38
HG01515	NA	EUR	1000g_phase3_wgs	WGS	GRCh38
HG01516	NA	EUR	1000g_phase3_wgs	WGS	GRCh38
HG01518	NA	EUR	1000g_phase3_wgs	WGS	GRCh38
HG01519	NA	EUR	1000g_phase3_wgs	WGS	GRCh38
HG01521	NA	EUR	1000g_phase3_wgs	WGS	GRCh38
HG01522	NA	EUR	1000g_phase3_wgs	WGS	GRCh38
HG01524	NA	EUR	1000g_phase3_wgs	WGS	GRCh38
HG01525	NA	EUR	1000g_phase3_wgs	WGS	GRCh38
HG01527	NA	EUR	1000g_phase3_wgs	WGS	GRCh38
HG01528	NA	EUR	1000g_phase3_wgs	WGS	GRCh38
HG01530	NA	EUR	1000g_phase3_wgs	WGS	GRCh38
HG01531	NA	EUR	1000g_phase3_wgs	WGS	GRCh38
HG01536	NA	EUR	1000g_phase3_wgs	WGS	GRCh38
HG01537	NA	EUR	1000g_phase3_wgs	WGS	GRCh38
HG01550	NA	AMR	1000g_phase3_wgs	WGS	GRCh38
HG01551	NA	AMR	1000g_phase3_wgs	WGS	GRCh38
HG01556	NA	AMR	1000g_phase3_wgs	WGS	GRCh38
HG01565	NA	AMR	1000g_phase3_wgs	WGS	GRCh38
HG01566	NA	AMR	1000g_phase3_wgs	WGS	GRCh38
HG01571	NA	AMR	1000g_phase3_wgs	WGS	GRCh38
HG01572	NA	AMR	1000g_phase3_wgs	WGS	GRCh38
HG01577	NA	AMR	1000g_phase3_wgs	WGS	GRCh38
HG01578	NA	AMR	1000g_phase3_wgs	WGS	GRCh38
HG01583	NA	SAS	1000g_phase3_wgs	WGS	GRCh38
HG01586	NA	SAS	1000g_phase3_wgs	WGS	GRCh38
HG01589	NA	SAS	1000g_phase3_wgs	WGS	GRCh38
HG01593	NA	SAS	1000g_phase3_wgs	WGS	GRCh38
HG01595	NA	EAS	1000g_phase3_wgs	WGS	GRCh38
HG01596	NA	EAS	1000g_phase3_wgs	WGS	GRCh38
HG01597	NA	EAS	1000g_phase3_wgs	WGS	GRCh38
HG01598	NA	EAS	1000g_phase3_wgs	WGS	GRCh38
HG01599	NA	EAS	1000g_phase3_wgs	WGS	GRCh38
HG01600	NA	EAS	1000g_phase3_wgs	WGS	GRCh38
HG01602	NA	EUR	1000g_phase3_wgs	WGS	GRCh38
HG01603	NA	EUR	1000g_phase3_wgs	WGS	GRCh38
HG01605	NA	EUR	1000g_phase3_wgs	WGS	GRCh38
HG01606	NA	EUR	1000g_phase3_wgs	WGS	GRCh38
HG01607	NA	EUR	1000g_phase3_wgs	WGS	GRCh38
HG01608	NA	EUR	1000g_phase3_wgs	WGS	GRCh38
HG01610	NA	EUR	1000g_phase3_wgs	WGS	GRCh38
HG01612	NA	EUR	1000g_phase3_wgs	WGS	GRCh38
HG01613	NA	EUR	1000g_phase3_wgs	WGS	GRCh38
HG01615	NA	EUR	1000g_phase3_wgs	WGS	GRCh38
HG01617	NA	EUR	1000g_phase3_wgs	WGS	GRCh38
HG01618	NA	EUR	1000g_phase3_wgs	WGS	GRCh38
HG01619	NA	EUR	1000g_phase3_wgs	WGS	GRCh38
HG01620	NA	EUR	1000g_phase3_wgs	WGS	GRCh38
HG01623	NA	EUR	1000g_phase3_wgs	WGS	GRCh38
HG01624	NA	EUR	1000g_phase3_wgs	WGS	GRCh38
HG01625	NA	EUR	1000g_phase3_wgs	WGS	GRCh38
HG01626	NA	EUR	1000g_phase3_wgs	WGS	GRCh38
HG01628	NA	EUR	1000g_phase3_wgs	WGS	GRCh38
HG01630	NA	EUR	1000g_phase3_wgs	WGS	GRCh38
HG01631	NA	EUR	1000g_phase3_wgs	WGS	GRCh38
HG01632	NA	EUR	1000g_phase3_wgs	WGS	GRCh38
HG01668	NA	EUR	1000g_phase3_wgs	WGS	GRCh38
HG01669	NA	EUR	1000g_phase3_wgs	WGS	GRCh38
HG01670	NA	EUR	1000g_phase3_wgs	WGS	GRCh38
HG01672	NA	EUR	1000g_phase3_wgs	WGS	GRCh38
HG01673	NA	EUR	1000g_phase3_wgs	WGS	GRCh38
HG01675	NA	EUR	1000g_phase3_wgs	WGS	GRCh38
HG01676	NA	EUR	1000g_phase3_wgs	WGS	GRCh38
HG01678	NA	EUR	1000g_phase3_wgs	WGS	GRCh38
HG01679	NA	EUR	1000g_phase3_wgs	WGS	GRCh38
HG01680	NA	EUR	1000g_phase3_wgs	WGS	GRCh38
HG01682	NA	EUR	1000g_phase3_wgs	WGS	GRCh38
HG01684	NA	EUR	1000g_phase3_wgs	WGS	GRCh38
HG01685	NA	EUR	1000g_phase3_wgs	WGS	GRCh38
HG01686	NA	EUR	1000g_phase3_wgs	WGS	GRCh38
HG01694	NA	EUR	1000g_phase3_wgs	WGS	GRCh38
HG01695	NA	EUR	1000g_phase3_wgs	WGS	GRCh38
HG01697	NA	EUR	1000g_phase3_wgs	WGS	GRCh38
HG01699	NA	EUR	1000g_phase3_wgs	WGS	GRCh38
HG01700	NA	EUR	1000g_phase3_wgs	WGS	GRCh38
HG01702	NA	EUR	1000g_phase3_wgs	WGS	GRCh38
HG01704	NA	EUR	1000g_phase3_wgs	WGS	GRCh38
HG01705	NA	EUR	1000g_phase3_wgs	WGS	GRCh38
HG01707	NA	EUR	1000g_phase3_wgs	WGS	GRCh38
HG01708	NA	EUR	1000g_phase3_wgs	WGS	GRCh38
HG01709	NA	EUR	1000g_phase3_wgs	WGS	GRCh38
HG01710	NA	EUR	1000g_phase3_wgs	WGS	GRCh38
HG01746	NA	EUR	1000g_phase3_wgs	WGS	GRCh38
HG01747	NA	EUR	1000g_phase3_wgs	WGS	GRCh38
HG01756	NA	EUR	1000g_phase3_wgs	WGS	GRCh38
HG01757	NA	EUR	1000g_phase3_wgs	WGS	GRCh38
HG01761	NA	EUR	1000g_phase3_wgs	WGS	GRCh38
HG01762	NA	EUR	1000g_phase3_wgs	WGS	GRCh38
HG01765	NA	EUR	1000g_phase3_wgs	WGS	GRCh38
HG01766	NA	EUR	1000g_phase3_wgs	WGS	GRCh38
HG01767	NA	EUR	1000g_phase3_wgs	WGS	GRCh38
HG01768	NA	EUR	1000g_phase3_wgs	WGS	GRCh38
HG01770	NA	EUR	1000g_phase3_wgs	WGS	GRCh38
HG01771	NA	EUR	1000g_phase3_wgs	WGS	GRCh38
HG01773	NA	EUR	1000g_phase3_wgs	WGS	GRCh38
HG01775	NA	EUR	1000g_phase3_wgs	WGS	GRCh38
HG01776	NA	EUR	1000g_phase3_wgs	WGS	GRCh38
HG01777	NA	EUR	1000g_phase3_wgs	WGS	GRCh38
HG01779	NA	EUR	1000g_phase3_wgs	WGS	GRCh38
HG01781	NA	EUR	1000g_phase3_wgs	WGS	GRCh38
HG01783	NA	EUR	1000g_phase3_wgs	WGS	GRCh38
HG01784	NA	EUR	1000g_phase3_wgs	WGS	GRCh38
HG01785	NA	EUR	1000g_phase3_wgs	WGS	GRCh38
HG01786	NA	EUR	1000g_phase3_wgs	WGS	GRCh38
HG01789	NA	EUR	1000g_phase3_wgs	WGS	GRCh38
HG01790	NA	EUR	1000g_phase3_wgs	WGS	GRCh38
HG01791	NA	EUR	1000g_phase3_wgs	WGS	GRCh38
HG01794	NA	EAS	1000g_phase3_wgs	WGS	GRCh38
HG01795	NA	EAS	1000g_phase3_wgs	WGS	GRCh38
HG01796	NA	EAS	1000g_phase3_wgs	WGS	GRCh38
HG01797	NA	EAS	1000g_phase3_wgs	WGS	GRCh38
HG01798	NA	EAS	1000g_phase3_wgs	WGS	GRCh38
HG01799	NA	EAS	1000g_phase3_wgs	WGS	GRCh38
HG01800	NA	EAS	1000g_phase3_wgs	WGS	GRCh38
HG01801	NA	EAS	1000g_phase3_wgs	WGS	GRCh38
HG01802	NA	EAS	1000g_phase3_wgs	WGS	GRCh38
HG01804	NA	EAS	1000g_phase3_wgs	WGS	GRCh38
HG01805	NA	EAS	1000g_phase3_wgs	WGS	GRCh38
HG01806	NA	EAS	1000g_phase3_wgs	WGS	GRCh38
HG01807	NA	EAS	1000g_phase3_wgs	WGS	GRCh38
HG01808	NA	EAS	1000g_phase3_wgs	WGS	GRCh38
HG01809	NA	EAS	1000g_phase3_wgs	WGS	GRCh38
HG01810	NA	EAS	1000g_phase3_wgs	WGS	GRCh38
HG01811	NA	EAS	1000g_phase3_wgs	WGS	GRCh38
HG01812	NA	EAS	1000g_phase3_wgs	WGS	GRCh38
HG01813	NA	EAS	1000g_phase3_wgs	WGS	GRCh38
HG01815	NA	EAS	1000g_phase3_wgs	WGS	GRCh38
HG01816	NA	EAS	1000g_phase3_wgs	WGS	GRCh38
HG01817	NA	EAS	1000g_phase3_wgs	WGS	GRCh38
HG01840	NA	EAS	1000g_phase3_wgs	WGS	GRCh38
HG01841	NA	EAS	1000g_phase3_wgs	WGS	GRCh38
HG01842	NA	EAS	1000g_phase3_wgs	WGS	GRCh38
HG01843	NA	EAS	1000g_phase3_wgs	WGS	GRCh38
HG01844	NA	EAS	1000g_phase3_wgs	WGS	GRCh38
HG01845	NA	EAS	1000g_phase3_wgs	WGS	GRCh38
HG01846	NA	EAS	1000g_phase3_wgs	WGS	GRCh38
HG01847	NA	EAS	1000g_phase3_wgs	WGS	GRCh38
HG01848	NA	EAS	1000g_phase3_wgs	WGS	GRCh38
HG01849	NA	EAS	1000g_phase3_wgs	WGS	GRCh38
HG01850	NA	EAS	1000g_phase3_wgs	WGS	GRCh38
HG01851	NA	EAS	1000g_phase3_wgs	WGS	GRCh38
HG01852	NA	EAS	1000g_phase3_wgs	WGS	GRCh38
HG01853	NA	EAS	1000g_phase3_wgs	WGS	GRCh38
HG01855	NA	EAS	1000g_phase3_wgs	WGS	GRCh38
HG01857	NA	EAS	1000g_phase3_wgs	WGS	GRCh38
HG01858	NA	EAS	1000g_phase3_wgs	WGS	GRCh38
HG01859	NA	EAS	1000g_phase3_wgs	WGS	GRCh38
HG01860	NA	EAS	1000g_phase3_wgs	WGS	GRCh38
HG01861	NA	EAS	1000g_phase3_wgs	WGS	GRCh38
HG01862	NA	EAS	1000g_phase3_wgs	WGS	GRCh38
HG01863	NA	EAS	1000g_phase3_wgs	WGS	GRCh38
HG01864	NA	EAS	1000g_phase3_wgs	WGS	GRCh38
HG01865	NA	EAS	1000g_phase3_wgs	WGS	GRCh38
HG01866	NA	EAS	1000g_phase3_wgs	WGS	GRCh38
HG01867	NA	EAS	1000g_phase3_wgs	WGS	GRCh38
HG01868	NA	EAS	1000g_phase3_wgs	WGS	GRCh38
HG01869	NA	EAS	1000g_phase3_wgs	WGS	GRCh38
HG01870	NA	EAS	1000g_phase3_wgs	WGS	GRCh38
HG01871	NA	EAS	1000g_phase3_wgs	WGS	GRCh38
HG01872	NA	EAS	1000g_phase3_wgs	WGS	GRCh38
HG01873	NA	EAS	1000g_phase3_wgs	WGS	GRCh38
HG01874	NA	EAS	1000g_phase3_wgs	WGS	GRCh38
HG01878	NA	EAS	1000g_phase3_wgs	WGS	GRCh38
HG01879	NA	AFR	1000g_phase3_wgs	WGS	GRCh38
HG01880	NA	AFR	1000g_phase3_wgs	WGS	GRCh38
HG01882	NA	AFR	1000g_phase3_wgs	WGS	GRCh38
HG01883	NA	AFR	1000g_phase3_wgs	WGS	GRCh38
HG01885	NA	AFR	1000g_phase3_wgs	WGS	GRCh38
HG01886	NA	AFR	1000g_phase3_wgs	WGS	GRCh38
HG01889	NA	AFR	1000g_phase3_wgs	WGS	GRCh38
HG01890	NA	AFR	1000g_phase3_wgs	WGS	GRCh38
HG01892	NA	AMR	1000g_phase3_wgs	WGS	GRCh38
HG01893	NA	AMR	1000g_phase3_wgs	WGS	GRCh38
HG01894	NA	AFR	1000g_phase3_wgs	WGS	GRCh38
HG01896	NA	AFR	1000g_phase3_wgs	WGS	GRCh38
HG01912	NA	AFR	1000g_phase3_wgs	WGS	GRCh38
HG01914	NA	AFR	1000g_phase3_wgs	WGS	GRCh38
HG01915	NA	AFR	1000g_phase3_wgs	WGS	GRCh38
HG01917	NA	AMR	1000g_phase3_wgs	WGS	GRCh38
HG01918	NA	AMR	1000g_phase3_wgs	WGS	GRCh38
HG01920	NA	AMR	1000g_phase3_wgs	WGS	GRCh38
HG01921	NA	AMR	1000g_phase3_wgs	WGS	GRCh38
HG01923	NA	AMR	1000g_phase3_wgs	WGS	GRCh38
HG01924	NA	AMR	1000g_phase3_wgs	WGS	GRCh38
HG01926	NA	AMR	1000g_phase3_wgs	WGS	GRCh38
HG01927	NA	AMR	1000g_phase3_wgs	WGS	GRCh38
HG01932	NA	AMR	1000g_phase3_wgs	WGS	GRCh38
HG01933	NA	AMR	1000g_phase3_wgs	WGS	GRCh38
HG01935	NA	AMR	1000g_phase3_wgs	WGS	GRCh38
HG01936	NA	AMR	1000g_phase3_wgs	WGS	GRCh38
HG01938	NA	AMR	1000g_phase3_wgs	WGS	GRCh38
HG01939	NA	AMR	1000g_phase3_wgs	WGS	GRCh38
HG01941	NA	AMR	1000g_phase3_wgs	WGS	GRCh38
HG01942	NA	AMR	1000g_phase3_wgs	WGS	GRCh38
HG01944	NA	AMR	1000g_phase3_wgs	WGS	GRCh38
HG01945	NA	AMR	1000g_phase3_wgs	WGS	GRCh38
HG01947	NA	AMR	1000g_phase3_wgs	WGS	GRCh38
HG01948	NA	AMR	1000g_phase3_wgs	WGS	GRCh38
HG01950	NA	AMR	1000g_phase3_wgs	WGS	GRCh38
HG01951	NA	AMR	1000g_phase3_wgs	WGS	GRCh38
HG01953	NA	AMR	1000g_phase3_wgs	WGS	GRCh38
HG01954	NA	AMR	1000g_phase3_wgs	WGS	GRCh38
HG01956	NA	AFR	1000g_phase3_wgs	WGS	GRCh38
HG01958	NA	AFR	1000g_phase3_wgs	WGS	GRCh38
HG01961	NA	AMR	1000g_phase3_wgs	WGS	GRCh38
HG01965	NA	AMR	1000g_phase3_wgs	WGS	GRCh38
HG01967	NA	AMR	1000g_phase3_wgs	WGS	GRCh38
HG01968	NA	AMR	1000g_phase3_wgs	WGS	GRCh38
HG01970	NA	AMR	1000g_phase3_wgs	WGS	GRCh38
HG01971	NA	AMR	1000g_phase3_wgs	WGS	GRCh38
HG01973	NA	AMR	1000g_phase3_wgs	WGS	GRCh38
HG01974	NA	AMR	1000g_phase3_wgs	WGS	GRCh38
HG01976	NA	AMR	1000g_phase3_wgs	WGS	GRCh38
HG01977	NA	AMR	1000g_phase3_wgs	WGS	GRCh38
HG01979	NA	AMR	1000g_phase3_wgs	WGS	GRCh38
HG01980	NA	AMR	1000g_phase3_wgs	WGS	GRCh38
HG01982	NA	AMR	1000g_phase3_wgs	WGS	GRCh38
HG01983	NA	AMR	1000g_phase3_wgs	WGS	GRCh38
HG01985	NA	AFR	1000g_phase3_wgs	WGS	GRCh38
HG01986	NA	AFR	1000g_phase3_wgs	WGS	GRCh38
HG01988	NA	AFR	1000g_phase3_wgs	WGS	GRCh38
HG01989	NA	AFR	1000g_phase3_wgs	WGS	GRCh38
HG01990	NA	AFR	1000g_phase3_wgs	WGS	GRCh38
HG01991	NA	AMR	1000g_phase3_wgs	WGS	GRCh38
HG01992	NA	AMR	1000g_phase3_wgs	WGS	GRCh38
HG01997	NA	AMR	1000g_phase3_wgs	WGS	GRCh38
HG02002	NA	AMR	1000g_phase3_wgs	WGS	GRCh38
HG02003	NA	AMR	1000g_phase3_wgs	WGS	GRCh38
HG02006	NA	AMR	1000g_phase3_wgs	WGS	GRCh38
HG02008	NA	AMR	1000g_phase3_wgs	WGS	GRCh38
HG02009	NA	AFR	1000g_phase3_wgs	WGS	GRCh38
HG02010	NA	AFR	1000g_phase3_wgs	WGS	GRCh38
HG02012	NA	AFR	1000g_phase3_wgs	WGS	GRCh38
HG02013	NA	AFR	1000g_phase3_wgs	WGS	GRCh38
HG02014	NA	AFR	1000g_phase3_wgs	WGS	GRCh38
HG02016	NA	EAS	1000g_phase3_wgs	WGS	GRCh38
HG02017	NA	EAS	1000g_phase3_wgs	WGS	GRCh38
HG02019	NA	EAS	1000g_phase3_wgs	WGS	GRCh38
HG02020	NA	EAS	1000g_phase3_wgs	WGS	GRCh38
HG02023	NA	EAS	1000g_phase3_wgs	WGS	GRCh38
HG02025	NA	EAS	1000g_phase3_wgs	WGS	GRCh38
HG02026	NA	EAS	1000g_phase3_wgs	WGS	GRCh38
HG02028	NA	EAS	1000g_phase3_wgs	WGS	GRCh38
HG02029	NA	EAS	1000g_phase3_wgs	WGS	GRCh38
HG02031	NA	EAS	1000g_phase3_wgs	WGS	GRCh38
HG02032	NA	EAS	1000g_phase3_wgs	WGS	GRCh38
HG02035	NA	EAS	1000g_phase3_wgs	WGS	GRCh38
HG02040	NA	EAS	1000g_phase3_wgs	WGS	GRCh38
HG02047	NA	EAS	1000g_phase3_wgs	WGS	GRCh38
HG02048	NA	EAS	1000g_phase3_wgs	WGS	GRCh38
HG02049	NA	EAS	1000g_phase3_wgs	WGS	GRCh38
HG02050	NA	EAS	1000g_phase3_wgs	WGS	GRCh38
HG02051	NA	AFR	1000g_phase3_wgs	WGS	GRCh38
HG02052	NA	AFR	1000g_phase3_wgs	WGS	GRCh38
HG02053	NA	AFR	1000g_phase3_wgs	WGS	GRCh38
HG02054	NA	AFR	1000g_phase3_wgs	WGS	GRCh38
HG02057	NA	EAS	1000g_phase3_wgs	WGS	GRCh38
HG02058	NA	EAS	1000g_phase3_wgs	WGS	GRCh38
HG02060	NA	EAS	1000g_phase3_wgs	WGS	GRCh38
HG02061	NA	EAS	1000g_phase3_wgs	WGS	GRCh38
HG02064	NA	EAS	1000g_phase3_wgs	WGS	GRCh38
HG02067	NA	EAS	1000g_phase3_wgs	WGS	GRCh38
HG02069	NA	EAS	1000g_phase3_wgs	WGS	GRCh38
HG02070	NA	EAS	1000g_phase3_wgs	WGS	GRCh38
HG02072	NA	EAS	1000g_phase3_wgs	WGS	GRCh38
HG02073	NA	EAS	1000g_phase3_wgs	WGS	GRCh38
HG02075	NA	EAS	1000g_phase3_wgs	WGS	GRCh38
HG02076	NA	EAS	1000g_phase3_wgs	WGS	GRCh38
HG02078	NA	EAS	1000g_phase3_wgs	WGS	GRCh38
HG02079	NA	EAS	1000g_phase3_wgs	WGS	GRCh38
HG02081	NA	EAS	1000g_phase3_wgs	WGS	GRCh38
HG02082	NA	EAS	1000g_phase3_wgs	WGS	GRCh38
HG02084	NA	EAS	1000g_phase3_wgs	WGS	GRCh38
HG02085	NA	EAS	1000g_phase3_wgs	WGS	GRCh38
HG02086	NA	EAS	1000g_phase3_wgs	WGS	GRCh38
HG02087	NA	EAS	1000g_phase3_wgs	WGS	GRCh38
HG02088	NA	EAS	1000g_phase3_wgs	WGS	GRCh38
HG02089	NA	AMR	1000g_phase3_wgs	WGS	GRCh38
HG02090	NA	AMR	1000g_phase3_wgs	WGS	GRCh38
HG02095	NA	AFR	1000g_phase3_wgs	WGS	GRCh38
HG02102	NA	AMR	1000g_phase3_wgs	WGS	GRCh38
HG02104	NA	AMR	1000g_phase3_wgs	WGS	GRCh38
HG02105	NA	AMR	1000g_phase3_wgs	WGS	GRCh38
HG02107	NA	AFR	1000g_phase3_wgs	WGS	GRCh38
HG02108	NA	AFR	1000g_phase3_wgs	WGS	GRCh38
HG02111	NA	AFR	1000g_phase3_wgs	WGS	GRCh38
HG02113	NA	EAS	1000g_phase3_wgs	WGS	GRCh38
HG02116	NA	EAS	1000g_phase3_wgs	WGS	GRCh38
HG02121	NA	EAS	1000g_phase3_wgs	WGS	GRCh38
HG02122	NA	EAS	1000g_phase3_wgs	WGS	GRCh38
HG02127	NA	EAS	1000g_phase3_wgs	WGS	GRCh38
HG02128	NA	EAS	1000g_phase3_wgs	WGS	GRCh38
HG02130	NA	EAS	1000g_phase3_wgs	WGS	GRCh38
HG02131	NA	EAS	1000g_phase3_wgs	WGS	GRCh38
HG02133	NA	EAS	1000g_phase3_wgs	WGS	GRCh38
HG02134	NA	EAS	1000g_phase3_wgs	WGS	GRCh38
HG02136	NA	EAS	1000g_phase3_wgs	WGS	GRCh38
HG02137	NA	EAS	1000g_phase3_wgs	WGS	GRCh38
HG02138	NA	EAS	1000g_phase3_wgs	WGS	GRCh38
HG02139	NA	EAS	1000g_phase3_wgs	WGS	GRCh38
HG02140	NA	EAS	1000g_phase3_wgs	WGS	GRCh38
HG02141	NA	EAS	1000g_phase3_wgs	WGS	GRCh38
HG02142	NA	EAS	1000g_phase3_wgs	WGS	GRCh38
HG02143	NA	AFR	1000g_phase3_wgs	WGS	GRCh38
HG02144	NA	AFR	1000g_phase3_wgs	WGS	GRCh38
HG02146	NA	AMR	1000g_phase3_wgs	WGS	GRCh38
HG02147	NA	AMR	1000g_phase3_wgs	WGS	GRCh38
HG02150	NA	AMR	1000g_phase3_wgs	WGS	GRCh38
HG02151	NA	EAS	1000g_phase3_wgs	WGS	GRCh38
HG02152	NA	EAS	1000g_phase3_wgs	WGS	GRCh38
HG02153	NA	EAS	1000g_phase3_wgs	WGS	GRCh38
HG02154	NA	EAS	1000g_phase3_wgs	WGS	GRCh38
HG02155	NA	EAS	1000g_phase3_wgs	WGS	GRCh38
HG02156	NA	EAS	1000g_phase3_wgs	WGS	GRCh38
HG02164	NA	EAS	1000g_phase3_wgs	WGS	GRCh38
HG02165	NA	EAS	1000g_phase3_wgs	WGS	GRCh38
HG02166	NA	EAS	1000g_phase3_wgs	WGS	GRCh38
HG02178	NA	EAS	1000g_phase3_wgs	WGS	GRCh38
HG02179	NA	EAS	1000g_phase3_wgs	WGS	GRCh38
HG02180	NA	EAS	1000g_phase3_wgs	WGS	GRCh38
HG02181	NA	EAS	1000g_phase3_wgs	WGS	GRCh38
HG02182	NA	EAS	1000g_phase3_wgs	WGS	GRCh38
HG02184	NA	EAS	1000g_phase3_wgs	WGS	GRCh38
HG02185	NA	EAS	1000g_phase3_wgs	WGS	GRCh38
HG02186	NA	EAS	1000g_phase3_wgs	WGS	GRCh38
HG02187	NA	EAS	1000g_phase3_wgs	WGS	GRCh38
HG02188	NA	EAS	1000g_phase3_wgs	WGS	GRCh38
HG02190	NA	EAS	1000g_phase3_wgs	WGS	GRCh38
HG02215	NA	EUR	1000g_phase3_wgs	WGS	GRCh38
HG02219	NA	EUR	1000g_phase3_wgs	WGS	GRCh38
HG02220	NA	EUR	1000g_phase3_wgs	WGS	GRCh38
HG02221	NA	EUR	1000g_phase3_wgs	WGS	GRCh38
HG02223	NA	EUR	1000g_phase3_wgs	WGS	GRCh38
HG02224	NA	EUR	1000g_phase3_wgs	WGS	GRCh38
HG02230	NA	EUR	1000g_phase3_wgs	WGS	GRCh38
HG02231	NA	EUR	1000g_phase3_wgs	WGS	GRCh38
HG02232	NA	EUR	1000g_phase3_wgs	WGS	GRCh38
HG02233	NA	EUR	1000g_phase3_wgs	WGS	GRCh38
HG02235	NA	EUR	1000g_phase3_wgs	WGS	GRCh38
HG02236	NA	EUR	1000g_phase3_wgs	WGS	GRCh38
HG02238	NA	EUR	1000g_phase3_wgs	WGS	GRCh38
HG02239	NA	EUR	1000g_phase3_wgs	WGS	GRCh38
HG02250	NA	EAS	1000g_phase3_wgs	WGS	GRCh38
HG02252	NA	AMR	1000g_phase3_wgs	WGS	GRCh38
HG02253	NA	AMR	1000g_phase3_wgs	WGS	GRCh38
HG02255	NA	AFR	1000g_phase3_wgs	WGS	GRCh38
HG02256	NA	AFR	1000g_phase3_wgs	WGS	GRCh38
HG02259	NA	AMR	1000g_phase3_wgs	WGS	GRCh38
HG02260	NA	AMR	1000g_phase3_wgs	WGS	GRCh38
HG02262	NA	AMR	1000g_phase3_wgs	WGS	GRCh38
HG02265	NA	AMR	1000g_phase3_wgs	WGS	GRCh38
HG02266	NA	AMR	1000g_phase3_wgs	WGS	GRCh38
HG02271	NA	AMR	1000g_phase3_wgs	WGS	GRCh38
HG02272	NA	AMR	1000g_phase3_wgs	WGS	GRCh38
HG02274	NA	AMR	1000g_phase3_wgs	WGS	GRCh38
HG02275	NA	AMR	1000g_phase3_wgs	WGS	GRCh38
HG02277	NA	AMR	1000g_phase3_wgs	WGS	GRCh38
HG02278	NA	AMR	1000g_phase3_wgs	WGS	GRCh38
HG02281	NA	AFR	1000g_phase3_wgs	WGS	GRCh38
HG02282	NA	AFR	1000g_phase3_wgs	WGS	GRCh38
HG02283	NA	AFR	1000g_phase3_wgs	WGS	GRCh38
HG02284	NA	AFR	1000g_phase3_wgs	WGS	GRCh38
HG02285	NA	AMR	1000g_phase3_wgs	WGS	GRCh38
HG02286	NA	AMR	1000g_phase3_wgs	WGS	GRCh38
HG02291	NA	AMR	1000g_phase3_wgs	WGS	GRCh38
HG02292	NA	AMR	1000g_phase3_wgs	WGS	GRCh38
HG02298	NA	AMR	1000g_phase3_wgs	WGS	GRCh38
HG02299	NA	AMR	1000g_phase3_wgs	WGS	GRCh38
HG02301	NA	AMR	1000g_phase3_wgs	WGS	GRCh38
HG02304	NA	AMR	1000g_phase3_wgs	WGS	GRCh38
HG02307	NA	AFR	1000g_phase3_wgs	WGS	GRCh38
HG02308	NA	AFR	1000g_phase3_wgs	WGS	GRCh38
HG02309	NA	AFR	1000g_phase3_wgs	WGS	GRCh38
HG02312	NA	AMR	1000g_phase3_wgs	WGS	GRCh38
HG02314	NA	AFR	1000g_phase3_wgs	WGS	GRCh38
HG02315	NA	AFR	1000g_phase3_wgs	WGS	GRCh38
HG02317	NA	AFR	1000g_phase3_wgs	WGS	GRCh38
HG02318	NA	AFR	1000g_phase3_wgs	WGS	GRCh38
HG02322	NA	AFR	1000g_phase3_wgs	WGS	GRCh38
HG02323	NA	AFR	1000g_phase3_wgs	WGS	GRCh38
HG02325	NA	AFR	1000g_phase3_wgs	WGS	GRCh38
HG02330	NA	AFR	1000g_phase3_wgs	WGS	GRCh38
HG02332	NA	AFR	1000g_phase3_wgs	WGS	GRCh38
HG02334	NA	AFR	1000g_phase3_wgs	WGS	GRCh38
HG02337	NA	AFR	1000g_phase3_wgs	WGS	GRCh38
HG02339	NA	AFR	1000g_phase3_wgs	WGS	GRCh38
HG02343	NA	AFR	1000g_phase3_wgs	WGS	GRCh38
HG02345	NA	AMR	1000g_phase3_wgs	WGS	GRCh38
HG02348	NA	AMR	1000g_phase3_wgs	WGS	GRCh38
HG02351	NA	EAS	1000g_phase3_wgs	WGS	GRCh38
HG02353	NA	EAS	1000g_phase3_wgs	WGS	GRCh38
HG02355	NA	EAS	1000g_phase3_wgs	WGS	GRCh38
HG02356	NA	EAS	1000g_phase3_wgs	WGS	GRCh38
HG02360	NA	EAS	1000g_phase3_wgs	WGS	GRCh38
HG02364	NA	EAS	1000g_phase3_wgs	WGS	GRCh38
HG02367	NA	EAS	1000g_phase3_wgs	WGS	GRCh38
HG02371	NA	EAS	1000g_phase3_wgs	WGS	GRCh38
HG02373	NA	EAS	1000g_phase3_wgs	WGS	GRCh38
HG02374	NA	EAS	1000g_phase3_wgs	WGS	GRCh38
HG02375	NA	EAS	1000g_phase3_wgs	WGS	GRCh38
HG02379	NA	EAS	1000g_phase3_wgs	WGS	GRCh38
HG02380	NA	EAS	1000g_phase3_wgs	WGS	GRCh38
HG02382	NA	EAS	1000g_phase3_wgs	WGS	GRCh38
HG02383	NA	EAS	1000g_phase3_wgs	WGS	GRCh38
HG02384	NA	EAS	1000g_phase3_wgs	WGS	GRCh38
HG02385	NA	EAS	1000g_phase3_wgs	WGS	GRCh38
HG02386	NA	EAS	1000g_phase3_wgs	WGS	GRCh38
HG02389	NA	EAS	1000g_phase3_wgs	WGS	GRCh38
HG02390	NA	EAS	1000g_phase3_wgs	WGS	GRCh38
HG02391	NA	EAS	1000g_phase3_wgs	WGS	GRCh38
HG02392	NA	EAS	1000g_phase3_wgs	WGS	GRCh38
HG02394	NA	EAS	1000g_phase3_wgs	WGS	GRCh38
HG02395	NA	EAS	1000g_phase3_wgs	WGS	GRCh38
HG02396	NA	EAS	1000g_phase3_wgs	WGS	GRCh38
HG02397	NA	EAS	1000g_phase3_wgs	WGS	GRCh38
HG02398	NA	EAS	1000g_phase3_wgs	WGS	GRCh38
HG02399	NA	EAS	1000g_phase3_wgs	WGS	GRCh38
HG02401	NA	EAS	1000g_phase3_wgs	WGS	GRCh38
HG02402	NA	EAS	1000g_phase3_wgs	WGS	GRCh38
HG02406	NA	EAS	1000g_phase3_wgs	WGS	GRCh38
HG02407	NA	EAS	1000g_phase3_wgs	WGS	GRCh38
HG02408	NA	EAS	1000g_phase3_wgs	WGS	GRCh38
HG02409	NA	EAS	1000g_phase3_wgs	WGS	GRCh38
HG02410	NA	EAS	1000g_phase3_wgs	WGS	GRCh38
HG02419	NA	AFR	1000g_phase3_wgs	WGS	GRCh38
HG02420	NA	AFR	1000g_phase3_wgs	WGS	GRCh38
HG02425	NA	AMR	1000g_phase3_wgs	WGS	GRCh38
HG02427	NA	AFR	1000g_phase3_wgs	WGS	GRCh38
HG02429	NA	AFR	1000g_phase3_wgs	WGS	GRCh38
HG02433	NA	AFR	1000g_phase3_wgs	WGS	GRCh38
HG02439	NA	AFR	1000g_phase3_wgs	WGS	GRCh38
HG02442	NA	AFR	1000g_phase3_wgs	WGS	GRCh38
HG02445	NA	AFR	1000g_phase3_wgs	WGS	GRCh38
HG02449	NA	AFR	1000g_phase3_wgs	WGS	GRCh38
HG02450	NA	AFR	1000g_phase3_wgs	WGS	GRCh38
HG02455	NA	AFR	1000g_phase3_wgs	WGS	GRCh38
HG02461	NA	AFR	1000g_phase3_wgs	WGS	GRCh38
HG02462	NA	AFR	1000g_phase3_wgs	WGS	GRCh38
HG02464	NA	AFR	1000g_phase3_wgs	WGS	GRCh38
HG02465	NA	AFR	1000g_phase3_wgs	WGS	GRCh38
HG02470	NA	AFR	1000g_phase3_wgs	WGS	GRCh38
HG02471	NA	AFR	1000g_phase3_wgs	WGS	GRCh38
HG02476	NA	AFR	1000g_phase3_wgs	WGS	GRCh38
HG02477	NA	AFR	1000g_phase3_wgs	WGS	GRCh38
HG02481	NA	AFR	1000g_phase3_wgs	WGS	GRCh38
HG02484	NA	AFR	1000g_phase3_wgs	WGS	GRCh38
HG02485	NA	AFR	1000g_phase3_wgs	WGS	GRCh38
HG02489	NA	AFR	1000g_phase3_wgs	WGS	GRCh38
HG02490	NA	SAS	1000g_phase3_wgs	WGS	GRCh38
HG02491	NA	SAS	1000g_phase3_wgs	WGS	GRCh38
HG02493	NA	SAS	1000g_phase3_wgs	WGS	GRCh38
HG02494	NA	SAS	1000g_phase3_wgs	WGS	GRCh38
HG02496	NA	AFR	1000g_phase3_wgs	WGS	GRCh38
HG02497	NA	AFR	1000g_phase3_wgs	WGS	GRCh38
HG02501	NA	AFR	1000g_phase3_wgs	WGS	GRCh38
HG02502	NA	AFR	1000g_phase3_wgs	WGS	GRCh38
HG02505	NA	AFR	1000g_phase3_wgs	WGS	GRCh38
HG02508	NA	AFR	1000g_phase3_wgs	WGS	GRCh38
HG02511	NA	AFR	1000g_phase3_wgs	WGS	GRCh38
HG02512	NA	EAS	1000g_phase3_wgs	WGS	GRCh38
HG02513	NA	EAS	1000g_phase3_wgs	WGS	GRCh38
HG02521	NA	EAS	1000g_phase3_wgs	WGS	GRCh38
HG02522	NA	EAS	1000g_phase3_wgs	WGS	GRCh38
HG02524	NA	EAS	1000g_phase3_wgs	WGS	GRCh38
HG02525	NA	EAS	1000g_phase3_wgs	WGS	GRCh38
HG02536	NA	AFR	1000g_phase3_wgs	WGS	GRCh38
HG02537	NA	AFR	1000g_phase3_wgs	WGS	GRCh38
HG02541	NA	AFR	1000g_phase3_wgs	WGS	GRCh38
HG02545	NA	AFR	1000g_phase3_wgs	WGS	GRCh38
HG02546	NA	AFR	1000g_phase3_wgs	WGS	GRCh38
HG02549	NA	AFR	1000g_phase3_wgs	WGS	GRCh38
HG02554	NA	AFR	1000g_phase3_wgs	WGS	GRCh38
HG02555	NA	AFR	1000g_phase3_wgs	WGS	GRCh38
HG02557	NA	AFR	1000g_phase3_wgs	WGS	GRCh38
HG02558	NA	AFR	1000g_phase3_wgs	WGS	GRCh38
HG02561	NA	AFR	1000g_phase3_wgs	WGS	GRCh38
HG02562	NA	AFR	1000g_phase3_wgs	WGS	GRCh38
HG02568	NA	AFR	1000g_phase3_wgs	WGS	GRCh38
HG02570	NA	AFR	1000g_phase3_wgs	WGS	GRCh38
HG02571	NA	AFR	1000g_phase3_wgs	WGS	GRCh38
HG02573	NA	AFR	1000g_phase3_wgs	WGS	GRCh38
HG02574	NA	AFR	1000g_phase3_wgs	WGS	GRCh38
HG02577	NA	AFR	1000g_phase3_wgs	WGS	GRCh38
HG02580	NA	AFR	1000g_phase3_wgs	WGS	GRCh38
HG02582	NA	AFR	1000g_phase3_wgs	WGS	GRCh38
HG02583	NA	AFR	1000g_phase3_wgs	WGS	GRCh38
HG02585	NA	AFR	1000g_phase3_wgs	WGS	GRCh38
HG02586	NA	AFR	1000g_phase3_wgs	WGS	GRCh38
HG02588	NA	AFR	1000g_phase3_wgs	WGS	GRCh38
HG02589	NA	AFR	1000g_phase3_wgs	WGS	GRCh38
HG02594	NA	AFR	1000g_phase3_wgs	WGS	GRCh38
HG02595	NA	AFR	1000g_phase3_wgs	WGS	GRCh38
HG02597	NA	SAS	1000g_phase3_wgs	WGS	GRCh38
HG02600	NA	SAS	1000g_phase3_wgs	WGS	GRCh38
HG02601	NA	SAS	1000g_phase3_wgs	WGS	GRCh38
HG02603	NA	SAS	1000g_phase3_wgs	WGS	GRCh38
HG02604	NA	SAS	1000g_phase3_wgs	WGS	GRCh38
HG02610	NA	AFR	1000g_phase3_wgs	WGS	GRCh38
HG02611	NA	AFR	1000g_phase3_wgs	WGS	GRCh38
HG02613	NA	AFR	1000g_phase3_wgs	WGS	GRCh38
HG02614	NA	AFR	1000g_phase3_wgs	WGS	GRCh38
HG02620	NA	AFR	1000g_phase3_wgs	WGS	GRCh38
HG02621	NA	AFR	1000g_phase3_wgs	WGS	GRCh38
HG02623	NA	AFR	1000g_phase3_wgs	WGS	GRCh38
HG02624	NA	AFR	1000g_phase3_wgs	WGS	GRCh38
HG02628	NA	AFR	1000g_phase3_wgs	WGS	GRCh38
HG02629	NA	AFR	1000g_phase3_wgs	WGS	GRCh38
HG02634	NA	AFR	1000g_phase3_wgs	WGS	GRCh38
HG02635	NA	AFR	1000g_phase3_wgs	WGS	GRCh38
HG02642	NA	AFR	1000g_phase3_wgs	WGS	GRCh38
HG02643	NA	AFR	1000g_phase3_wgs	WGS	GRCh38
HG02645	NA	AFR	1000g_phase3_wgs	WGS	GRCh38
HG02646	NA	AFR	1000g_phase3_wgs	WGS	GRCh38
HG02648	NA	SAS	1000g_phase3_wgs	WGS	GRCh38
HG02649	NA	SAS	1000g_phase3_wgs	WGS	GRCh38
HG02651	NA	SAS	1000g_phase3_wgs	WGS	GRCh38
HG02652	NA	SAS	1000g_phase3_wgs	WGS	GRCh38
HG02654	NA	SAS	1000g_phase3_wgs	WGS	GRCh38
HG02655	NA	SAS	1000g_phase3_wgs	WGS	GRCh38
HG02657	NA	SAS	1000g_phase3_wgs	WGS	GRCh38
HG02658	NA	SAS	1000g_phase3_wgs	WGS	GRCh38
HG02660	NA	SAS	1000g_phase3_wgs	WGS	GRCh38
HG02661	NA	SAS	1000g_phase3_wgs	WGS	GRCh38
HG02666	NA	AFR	1000g_phase3_wgs	WGS	GRCh38
HG02667	NA	AFR	1000g_phase3_wgs	WGS	GRCh38
HG02675	NA	AFR	1000g_phase3_wgs	WGS	GRCh38
HG02676	NA	AFR	1000g_phase3_wgs	WGS	GRCh38
HG02678	NA	AFR	1000g_phase3_wgs	WGS	GRCh38
HG02679	NA	AFR	1000g_phase3_wgs	WGS	GRCh38
HG02681	NA	SAS	1000g_phase3_wgs	WGS	GRCh38
HG02682	NA	SAS	1000g_phase3_wgs	WGS	GRCh38
HG02684	NA	SAS	1000g_phase3_wgs	WGS	GRCh38
HG02685	NA	SAS	1000g_phase3_wgs	WGS	GRCh38
HG02687	NA	SAS	1000g_phase3_wgs	WGS	GRCh38
HG02688	NA	SAS	1000g_phase3_wgs	WGS	GRCh38
HG02690	NA	SAS	1000g_phase3_wgs	WGS	GRCh38
HG02691	NA	SAS	1000g_phase3_wgs	WGS	GRCh38
HG02694	NA	SAS	1000g_phase3_wgs	WGS	GRCh38
HG02696	NA	SAS	1000g_phase3_wgs	WGS	GRCh38
HG02697	NA	SAS	1000g_phase3_wgs	WGS	GRCh38
HG02699	NA	SAS	1000g_phase3_wgs	WGS	GRCh38
HG02700	NA	SAS	1000g_phase3_wgs	WGS	GRCh38
HG02702	NA	AFR	1000g_phase3_wgs	WGS	GRCh38
HG02703	NA	AFR	1000g_phase3_wgs	WGS	GRCh38
HG02715	NA	AFR	1000g_phase3_wgs	WGS	GRCh38
HG02716	NA	AFR	1000g_phase3_wgs	WGS	GRCh38
HG02721	NA	AFR	1000g_phase3_wgs	WGS	GRCh38
HG02722	NA	AFR	1000g_phase3_wgs	WGS	GRCh38
HG02724	NA	SAS	1000g_phase3_wgs	WGS	GRCh38
HG02725	NA	SAS	1000g_phase3_wgs	WGS	GRCh38
HG02727	NA	SAS	1000g_phase3_wgs	WGS	GRCh38
HG02728	NA	SAS	1000g_phase3_wgs	WGS	GRCh38
HG02731	NA	SAS	1000g_phase3_wgs	WGS	GRCh38
HG02733	NA	SAS	1000g_phase3_wgs	WGS	GRCh38
HG02734	NA	SAS	1000g_phase3_wgs	WGS	GRCh38
HG02736	NA	SAS	1000g_phase3_wgs	WGS	GRCh38
HG02737	NA	SAS	1000g_phase3_wgs	WGS	GRCh38
HG02756	NA	AFR	1000g_phase3_wgs	WGS	GRCh38
HG02757	NA	AFR	1000g_phase3_wgs	WGS	GRCh38
HG02759	NA	AFR	1000g_phase3_wgs	WGS	GRCh38
HG02760	NA	AFR	1000g_phase3_wgs	WGS	GRCh38
HG02762	NA	AFR	1000g_phase3_wgs	WGS	GRCh38
HG02763	NA	AFR	1000g_phase3_wgs	WGS	GRCh38
HG02768	NA	AFR	1000g_phase3_wgs	WGS	GRCh38
HG02769	NA	AFR	1000g_phase3_wgs	WGS	GRCh38
HG02771	NA	AFR	1000g_phase3_wgs	WGS	GRCh38
HG02772	NA	AFR	1000g_phase3_wgs	WGS	GRCh38
HG02774	NA	SAS	1000g_phase3_wgs	WGS	GRCh38
HG02775	NA	SAS	1000g_phase3_wgs	WGS	GRCh38
HG02778	NA	SAS	1000g_phase3_wgs	WGS	GRCh38
HG02780	NA	SAS	1000g_phase3_wgs	WGS	GRCh38
HG02783	NA	SAS	1000g_phase3_wgs	WGS	GRCh38
HG02784	NA	SAS	1000g_phase3_wgs	WGS	GRCh38
HG02786	NA	SAS	1000g_phase3_wgs	WGS	GRCh38
HG02787	NA	SAS	1000g_phase3_wgs	WGS	GRCh38
HG02789	NA	SAS	1000g_phase3_wgs	WGS	GRCh38
HG02790	NA	SAS	1000g_phase3_wgs	WGS	GRCh38
HG02792	NA	SAS	1000g_phase3_wgs	WGS	GRCh38
HG02793	NA	SAS	1000g_phase3_wgs	WGS	GRCh38
HG02798	NA	AFR	1000g_phase3_wgs	WGS	GRCh38
HG02799	NA	AFR	1000g_phase3_wgs	WGS	GRCh38
HG02804	NA	AFR	1000g_phase3_wgs	WGS	GRCh38
HG02805	NA	AFR	1000g_phase3_wgs	WGS	GRCh38
HG02807	NA	AFR	1000g_phase3_wgs	WGS	GRCh38
HG02808	NA	AFR	1000g_phase3_wgs	WGS	GRCh38
HG02810	NA	AFR	1000g_phase3_wgs	WGS	GRCh38
HG02811	NA	AFR	1000g_phase3_wgs	WGS	GRCh38
HG02813	NA	AFR	1000g_phase3_wgs	WGS	GRCh38
HG02814	NA	AFR	1000g_phase3_wgs	WGS	GRCh38
HG02816	NA	AFR	1000g_phase3_wgs	WGS	GRCh38
HG02817	NA	AFR	1000g_phase3_wgs	WGS	GRCh38
HG02819	NA	AFR	1000g_phase3_wgs	WGS	GRCh38
HG02820	NA	AFR	1000g_phase3_wgs	WGS	GRCh38
HG02836	NA	AFR	1000g_phase3_wgs	WGS	GRCh38
HG02837	NA	AFR	1000g_phase3_wgs	WGS	GRCh38
HG02839	NA	AFR	1000g_phase3_wgs	WGS	GRCh38
HG02840	NA	AFR	1000g_phase3_wgs	WGS	GRCh38
HG02851	NA	AFR	1000g_phase3_wgs	WGS	GRCh38
HG02852	NA	AFR	1000g_phase3_wgs	WGS	GRCh38
HG02854	NA	AFR	1000g_phase3_wgs	WGS	GRCh38
HG02855	NA	AFR	1000g_phase3_wgs	WGS	GRCh38
HG02860	NA	AFR	1000g_phase3_wgs	WGS	GRCh38
HG02861	NA	AFR	1000g_phase3_wgs	WGS	GRCh38
HG02869	NA	AFR	1000g_phase3_wgs	WGS	GRCh38
HG02870	NA	AFR	1000g_phase3_wgs	WGS	GRCh38
HG02878	NA	AFR	1000g_phase3_wgs	WGS	GRCh38
HG02879	NA	AFR	1000g_phase3_wgs	WGS	GRCh38
HG02881	NA	AFR	1000g_phase3_wgs	WGS	GRCh38
HG02882	NA	AFR	1000g_phase3_wgs	WGS	GRCh38
HG02884	NA	AFR	1000g_phase3_wgs	WGS	GRCh38
HG02885	NA	AFR	1000g_phase3_wgs	WGS	GRCh38
HG02887	NA	AFR	1000g_phase3_wgs	WGS	GRCh38
HG02888	NA	AFR	1000g_phase3_wgs	WGS	GRCh38
HG02890	NA	AFR	1000g_phase3_wgs	WGS	GRCh38
HG02891	NA	AFR	1000g_phase3_wgs	WGS	GRCh38
HG02895	NA	AFR	1000g_phase3_wgs	WGS	GRCh38
HG02896	NA	AFR	1000g_phase3_wgs	WGS	GRCh38
HG02922	NA	AFR	1000g_phase3_wgs	WGS	GRCh38
HG02923	NA	AFR	1000g_phase3_wgs	WGS	GRCh38
HG02938	NA	AFR	1000g_phase3_wgs	WGS	GRCh38
HG02941	NA	AFR	1000g_phase3_wgs	WGS	GRCh38
HG02943	NA	AFR	1000g_phase3_wgs	WGS	GRCh38
HG02944	NA	AFR	1000g_phase3_wgs	WGS	GRCh38
HG02946	NA	AFR	1000g_phase3_wgs	WGS	GRCh38
HG02947	NA	AFR	1000g_phase3_wgs	WGS	GRCh38
HG02952	NA	AFR	1000g_phase3_wgs	WGS	GRCh38
HG02953	NA	AFR	1000g_phase3_wgs	WGS	GRCh38
HG02964	NA	AFR	1000g_phase3_wgs	WGS	GRCh38
HG02965	NA	AFR	1000g_phase3_wgs	WGS	GRCh38
HG02968	NA	AFR	1000g_phase3_wgs	WGS	GRCh38
HG02970	NA	AFR	1000g_phase3_wgs	WGS	GRCh38
HG02971	NA	AFR	1000g_phase3_wgs	WGS	GRCh38
HG02973	NA	AFR	1000g_phase3_wgs	WGS	GRCh38
HG02974	NA	AFR	1000g_phase3_wgs	WGS	GRCh38
HG02976	NA	AFR	1000g_phase3_wgs	WGS	GRCh38
HG02977	NA	AFR	1000g_phase3_wgs	WGS	GRCh38
HG02979	NA	AFR	1000g_phase3_wgs	WGS	GRCh38
HG02981	NA	AFR	1000g_phase3_wgs	WGS	GRCh38
HG02982	NA	AFR	1000g_phase3_wgs	WGS	GRCh38
HG02983	NA	AFR	1000g_phase3_wgs	WGS	GRCh38
HG03006	NA	SAS	1000g_phase3_wgs	WGS	GRCh38
HG03007	NA	SAS	1000g_phase3_wgs	WGS	GRCh38
HG03009	NA	SAS	1000g_phase3_wgs	WGS	GRCh38
HG03012	NA	SAS	1000g_phase3_wgs	WGS	GRCh38
HG03015	NA	SAS	1000g_phase3_wgs	WGS	GRCh38
HG03016	NA	SAS	1000g_phase3_wgs	WGS	GRCh38
HG03018	NA	SAS	1000g_phase3_wgs	WGS	GRCh38
HG03019	NA	SAS	1000g_phase3_wgs	WGS	GRCh38
HG03021	NA	SAS	1000g_phase3_wgs	WGS	GRCh38
HG03022	NA	SAS	1000g_phase3_wgs	WGS	GRCh38
HG03024	NA	AFR	1000g_phase3_wgs	WGS	GRCh38
HG03025	NA	AFR	1000g_phase3_wgs	WGS	GRCh38
HG03027	NA	AFR	1000g_phase3_wgs	WGS	GRCh38
HG03028	NA	AFR	1000g_phase3_wgs	WGS	GRCh38
HG03033	NA	AFR	1000g_phase3_wgs	WGS	GRCh38
HG03034	NA	AFR	1000g_phase3_wgs	WGS	GRCh38
HG03039	NA	AFR	1000g_phase3_wgs	WGS	GRCh38
HG03040	NA	AFR	1000g_phase3_wgs	WGS	GRCh38
HG03045	NA	AFR	1000g_phase3_wgs	WGS	GRCh38
HG03046	NA	AFR	1000g_phase3_wgs	WGS	GRCh38
HG03048	NA	AFR	1000g_phase3_wgs	WGS	GRCh38
HG03049	NA	AFR	1000g_phase3_wgs	WGS	GRCh38
HG03052	NA	AFR	1000g_phase3_wgs	WGS	GRCh38
HG03054	NA	AFR	1000g_phase3_wgs	WGS	GRCh38
HG03055	NA	AFR	1000g_phase3_wgs	WGS	GRCh38
HG03057	NA	AFR	1000g_phase3_wgs	WGS	GRCh38
HG03058	NA	AFR	1000g_phase3_wgs	WGS	GRCh38
HG03060	NA	AFR	1000g_phase3_wgs	WGS	GRCh38
HG03061	NA	AFR	1000g_phase3_wgs	WGS	GRCh38
HG03063	NA	AFR	1000g_phase3_wgs	WGS	GRCh38
HG03064	NA	AFR	1000g_phase3_wgs	WGS	GRCh38
HG03066	NA	AFR	1000g_phase3_wgs	WGS	GRCh38
HG03069	NA	AFR	1000g_phase3_wgs	WGS	GRCh38
HG03072	NA	AFR	1000g_phase3_wgs	WGS	GRCh38
HG03073	NA	AFR	1000g_phase3_wgs	WGS	GRCh38
HG03074	NA	AFR	1000g_phase3_wgs	WGS	GRCh38
HG03077	NA	AFR	1000g_phase3_wgs	WGS	GRCh38
HG03078	NA	AFR	1000g_phase3_wgs	WGS	GRCh38
HG03079	NA	AFR	1000g_phase3_wgs	WGS	GRCh38
HG03081	NA	AFR	1000g_phase3_wgs	WGS	GRCh38
HG03082	NA	AFR	1000g_phase3_wgs	WGS	GRCh38
HG03084	NA	AFR	1000g_phase3_wgs	WGS	GRCh38
HG03085	NA	AFR	1000g_phase3_wgs	WGS	GRCh38
HG03086	NA	AFR	1000g_phase3_wgs	WGS	GRCh38
HG03088	NA	AFR	1000g_phase3_wgs	WGS	GRCh38
HG03091	NA	AFR	1000g_phase3_wgs	WGS	GRCh38
HG03095	NA	AFR	1000g_phase3_wgs	WGS	GRCh38
HG03096	NA	AFR	1000g_phase3_wgs	WGS	GRCh38
HG03097	NA	AFR	1000g_phase3_wgs	WGS	GRCh38
HG03099	NA	AFR	1000g_phase3_wgs	WGS	GRCh38
HG03100	NA	AFR	1000g_phase3_wgs	WGS	GRCh38
HG03103	NA	AFR	1000g_phase3_wgs	WGS	GRCh38
HG03105	NA	AFR	1000g_phase3_wgs	WGS	GRCh38
HG03108	NA	AFR	1000g_phase3_wgs	WGS	GRCh38
HG03109	NA	AFR	1000g_phase3_wgs	WGS	GRCh38
HG03111	NA	AFR	1000g_phase3_wgs	WGS	GRCh38
HG03112	NA	AFR	1000g_phase3_wgs	WGS	GRCh38
HG03114	NA	AFR	1000g_phase3_wgs	WGS	GRCh38
HG03115	NA	AFR	1000g_phase3_wgs	WGS	GRCh38
HG03117	NA	AFR	1000g_phase3_wgs	WGS	GRCh38
HG03118	NA	AFR	1000g_phase3_wgs	WGS	GRCh38
HG03120	NA	AFR	1000g_phase3_wgs	WGS	GRCh38
HG03121	NA	AFR	1000g_phase3_wgs	WGS	GRCh38
HG03123	NA	AFR	1000g_phase3_wgs	WGS	GRCh38
HG03124	NA	AFR	1000g_phase3_wgs	WGS	GRCh38
HG03126	NA	AFR	1000g_phase3_wgs	WGS	GRCh38
HG03127	NA	AFR	1000g_phase3_wgs	WGS	GRCh38
HG03129	NA	AFR	1000g_phase3_wgs	WGS	GRCh38
HG03130	NA	AFR	1000g_phase3_wgs	WGS	GRCh38
HG03132	NA	AFR	1000g_phase3_wgs	WGS	GRCh38
HG03133	NA	AFR	1000g_phase3_wgs	WGS	GRCh38
HG03135	NA	AFR	1000g_phase3_wgs	WGS	GRCh38
HG03136	NA	AFR	1000g_phase3_wgs	WGS	GRCh38
HG03139	NA	AFR	1000g_phase3_wgs	WGS	GRCh38
HG03157	NA	AFR	1000g_phase3_wgs	WGS	GRCh38
HG03159	NA	AFR	1000g_phase3_wgs	WGS	GRCh38
HG03160	NA	AFR	1000g_phase3_wgs	WGS	GRCh38
HG03162	NA	AFR	1000g_phase3_wgs	WGS	GRCh38
HG03163	NA	AFR	1000g_phase3_wgs	WGS	GRCh38
HG03166	NA	AFR	1000g_phase3_wgs	WGS	GRCh38
HG03168	NA	AFR	1000g_phase3_wgs	WGS	GRCh38
HG03169	NA	AFR	1000g_phase3_wgs	WGS	GRCh38
HG03172	NA	AFR	1000g_phase3_wgs	WGS	GRCh38
HG03175	NA	AFR	1000g_phase3_wgs	WGS	GRCh38
HG03189	NA	AFR	1000g_phase3_wgs	WGS	GRCh38
HG03190	NA	AFR	1000g_phase3_wgs	WGS	GRCh38
HG03193	NA	AFR	1000g_phase3_wgs	WGS	GRCh38
HG03195	NA	AFR	1000g_phase3_wgs	WGS	GRCh38
HG03196	NA	AFR	1000g_phase3_wgs	WGS	GRCh38
HG03198	NA	AFR	1000g_phase3_wgs	WGS	GRCh38
HG03199	NA	AFR	1000g_phase3_wgs	WGS	GRCh38
HG03202	NA	AFR	1000g_phase3_wgs	WGS	GRCh38
HG03209	NA	AFR	1000g_phase3_wgs	WGS	GRCh38
HG03212	NA	AFR	1000g_phase3_wgs	WGS	GRCh38
HG03224	NA	AFR	1000g_phase3_wgs	WGS	GRCh38
HG03225	NA	AFR	1000g_phase3_wgs	WGS	GRCh38
HG03228	NA	SAS	1000g_phase3_wgs	WGS	GRCh38
HG03229	NA	SAS	1000g_phase3_wgs	WGS	GRCh38
HG03234	NA	SAS	1000g_phase3_wgs	WGS	GRCh38
HG03235	NA	SAS	1000g_phase3_wgs	WGS	GRCh38
HG03237	NA	SAS	1000g_phase3_wgs	WGS	GRCh38
HG03238	NA	SAS	1000g_phase3_wgs	WGS	GRCh38
HG03240	NA	AFR	1000g_phase3_wgs	WGS	GRCh38
HG03241	NA	AFR	1000g_phase3_wgs	WGS	GRCh38
HG03246	NA	AFR	1000g_phase3_wgs	WGS	GRCh38
HG03247	NA	AFR	1000g_phase3_wgs	WGS	GRCh38
HG03249	NA	AFR	1000g_phase3_wgs	WGS	GRCh38
HG03250	NA	AFR	1000g_phase3_wgs	WGS	GRCh38
HG03258	NA	AFR	1000g_phase3_wgs	WGS	GRCh38
HG03259	NA	AFR	1000g_phase3_wgs	WGS	GRCh38
HG03265	NA	AFR	1000g_phase3_wgs	WGS	GRCh38
HG03267	NA	AFR	1000g_phase3_wgs	WGS	GRCh38
HG03268	NA	AFR	1000g_phase3_wgs	WGS	GRCh38
HG03270	NA	AFR	1000g_phase3_wgs	WGS	GRCh38
HG03271	NA	AFR	1000g_phase3_wgs	WGS	GRCh38
HG03279	NA	AFR	1000g_phase3_wgs	WGS	GRCh38
HG03280	NA	AFR	1000g_phase3_wgs	WGS	GRCh38
HG03291	NA	AFR	1000g_phase3_wgs	WGS	GRCh38
HG03294	NA	AFR	1000g_phase3_wgs	WGS	GRCh38
HG03295	NA	AFR	1000g_phase3_wgs	WGS	GRCh38
HG03297	NA	AFR	1000g_phase3_wgs	WGS	GRCh38
HG03298	NA	AFR	1000g_phase3_wgs	WGS	GRCh38
HG03300	NA	AFR	1000g_phase3_wgs	WGS	GRCh38
HG03301	NA	AFR	1000g_phase3_wgs	WGS	GRCh38
HG03303	NA	AFR	1000g_phase3_wgs	WGS	GRCh38
HG03304	NA	AFR	1000g_phase3_wgs	WGS	GRCh38
HG03306	NA	AFR	1000g_phase3_wgs	WGS	GRCh38
HG03307	NA	AFR	1000g_phase3_wgs	WGS	GRCh38
HG03309	NA	AFR	1000g_phase3_wgs	WGS	GRCh38
HG03311	NA	AFR	1000g_phase3_wgs	WGS	GRCh38
HG03312	NA	AFR	1000g_phase3_wgs	WGS	GRCh38
HG03313	NA	AFR	1000g_phase3_wgs	WGS	GRCh38
HG03342	NA	AFR	1000g_phase3_wgs	WGS	GRCh38
HG03343	NA	AFR	1000g_phase3_wgs	WGS	GRCh38
HG03351	NA	AFR	1000g_phase3_wgs	WGS	GRCh38
HG03352	NA	AFR	1000g_phase3_wgs	WGS	GRCh38
HG03354	NA	AFR	1000g_phase3_wgs	WGS	GRCh38
HG03363	NA	AFR	1000g_phase3_wgs	WGS	GRCh38
HG03366	NA	AFR	1000g_phase3_wgs	WGS	GRCh38
HG03367	NA	AFR	1000g_phase3_wgs	WGS	GRCh38
HG03369	NA	AFR	1000g_phase3_wgs	WGS	GRCh38
HG03370	NA	AFR	1000g_phase3_wgs	WGS	GRCh38
HG03372	NA	AFR	1000g_phase3_wgs	WGS	GRCh38
HG03373	NA	AFR	1000g_phase3_wgs	WGS	GRCh38
HG03376	NA	AFR	1000g_phase3_wgs	WGS	GRCh38
HG03378	NA	AFR	1000g_phase3_wgs	WGS	GRCh38
HG03380	NA	AFR	1000g_phase3_wgs	WGS	GRCh38
HG03382	NA	AFR	1000g_phase3_wgs	WGS	GRCh38
HG03385	NA	AFR	1000g_phase3_wgs	WGS	GRCh38
HG03388	NA	AFR	1000g_phase3_wgs	WGS	GRCh38
HG03391	NA	AFR	1000g_phase3_wgs	WGS	GRCh38
HG03394	NA	AFR	1000g_phase3_wgs	WGS	GRCh38
HG03397	NA	AFR	1000g_phase3_wgs	WGS	GRCh38
HG03401	NA	AFR	1000g_phase3_wgs	WGS	GRCh38
HG03410	NA	AFR	1000g_phase3_wgs	WGS	GRCh38
HG03419	NA	AFR	1000g_phase3_wgs	WGS	GRCh38
HG03428	NA	AFR	1000g_phase3_wgs	WGS	GRCh38
HG03432	NA	AFR	1000g_phase3_wgs	WGS	GRCh38
HG03433	NA	AFR	1000g_phase3_wgs	WGS	GRCh38
HG03436	NA	AFR	1000g_phase3_wgs	WGS	GRCh38
HG03437	NA	AFR	1000g_phase3_wgs	WGS	GRCh38
HG03439	NA	AFR	1000g_phase3_wgs	WGS	GRCh38
HG03442	NA	AFR	1000g_phase3_wgs	WGS	GRCh38
HG03445	NA	AFR	1000g_phase3_wgs	WGS	GRCh38
HG03446	NA	AFR	1000g_phase3_wgs	WGS	GRCh38
HG03449	NA	AFR	1000g_phase3_wgs	WGS	GRCh38
HG03451	NA	AFR	1000g_phase3_wgs	WGS	GRCh38
HG03452	NA	AFR	1000g_phase3_wgs	WGS	GRCh38
HG03454	NA	AFR	1000g_phase3_wgs	WGS	GRCh38
HG03455	NA	AFR	1000g_phase3_wgs	WGS	GRCh38
HG03457	NA	AFR	1000g_phase3_wgs	WGS	GRCh38
HG03458	NA	AFR	1000g_phase3_wgs	WGS	GRCh38
HG03460	NA	AFR	1000g_phase3_wgs	WGS	GRCh38
HG03461	NA	AFR	1000g_phase3_wgs	WGS	GRCh38
HG03464	NA	AFR	1000g_phase3_wgs	WGS	GRCh38
HG03469	NA	AFR	1000g_phase3_wgs	WGS	GRCh38
HG03470	NA	AFR	1000g_phase3_wgs	WGS	GRCh38
HG03472	NA	AFR	1000g_phase3_wgs	WGS	GRCh38
HG03473	NA	AFR	1000g_phase3_wgs	WGS	GRCh38
HG03476	NA	AFR	1000g_phase3_wgs	WGS	GRCh38
HG03478	NA	AFR	1000g_phase3_wgs	WGS	GRCh38
HG03479	NA	AFR	1000g_phase3_wgs	WGS	GRCh38
HG03484	NA	AFR	1000g_phase3_wgs	WGS	GRCh38
HG03485	NA	AFR	1000g_phase3_wgs	WGS	GRCh38
HG03487	NA	SAS	1000g_phase3_wgs	WGS	GRCh38
HG03488	NA	SAS	1000g_phase3_wgs	WGS	GRCh38
HG03490	NA	SAS	1000g_phase3_wgs	WGS	GRCh38
HG03491	NA	SAS	1000g_phase3_wgs	WGS	GRCh38
HG03499	NA	AFR	1000g_phase3_wgs	WGS	GRCh38
HG03511	NA	AFR	1000g_phase3_wgs	WGS	GRCh38
HG03514	NA	AFR	1000g_phase3_wgs	WGS	GRCh38
HG03515	NA	AFR	1000g_phase3_wgs	WGS	GRCh38
HG03517	NA	AFR	1000g_phase3_wgs	WGS	GRCh38
HG03518	NA	AFR	1000g_phase3_wgs	WGS	GRCh38
HG03520	NA	AFR	1000g_phase3_wgs	WGS	GRCh38
HG03521	NA	AFR	1000g_phase3_wgs	WGS	GRCh38
HG03538	NA	AFR	1000g_phase3_wgs	WGS	GRCh38
HG03539	NA	AFR	1000g_phase3_wgs	WGS	GRCh38
HG03547	NA	AFR	1000g_phase3_wgs	WGS	GRCh38
HG03548	NA	AFR	1000g_phase3_wgs	WGS	GRCh38
HG03556	NA	AFR	1000g_phase3_wgs	WGS	GRCh38
HG03557	NA	AFR	1000g_phase3_wgs	WGS	GRCh38
HG03558	NA	AFR	1000g_phase3_wgs	WGS	GRCh38
HG03559	NA	AFR	1000g_phase3_wgs	WGS	GRCh38
HG03563	NA	AFR	1000g_phase3_wgs	WGS	GRCh38
HG03565	NA	AFR	1000g_phase3_wgs	WGS	GRCh38
HG03567	NA	AFR	1000g_phase3_wgs	WGS	GRCh38
HG03571	NA	AFR	1000g_phase3_wgs	WGS	GRCh38
HG03572	NA	AFR	1000g_phase3_wgs	WGS	GRCh38
HG03574	NA	AFR	1000g_phase3_wgs	WGS	GRCh38
HG03575	NA	AFR	1000g_phase3_wgs	WGS	GRCh38
HG03577	NA	AFR	1000g_phase3_wgs	WGS	GRCh38
HG03578	NA	AFR	1000g_phase3_wgs	WGS	GRCh38
HG03582	NA	AFR	1000g_phase3_wgs	WGS	GRCh38
HG03583	NA	AFR	1000g_phase3_wgs	WGS	GRCh38
HG03585	NA	SAS	1000g_phase3_wgs	WGS	GRCh38
HG03589	NA	SAS	1000g_phase3_wgs	WGS	GRCh38
HG03593	NA	SAS	1000g_phase3_wgs	WGS	GRCh38
HG03594	NA	SAS	1000g_phase3_wgs	WGS	GRCh38
HG03595	NA	SAS	1000g_phase3_wgs	WGS	GRCh38
HG03598	NA	SAS	1000g_phase3_wgs	WGS	GRCh38
HG03600	NA	SAS	1000g_phase3_wgs	WGS	GRCh38
HG03603	NA	SAS	1000g_phase3_wgs	WGS	GRCh38
HG03604	NA	SAS	1000g_phase3_wgs	WGS	GRCh38
HG03606	NA	SAS	1000g_phase3_wgs	WGS	GRCh38
HG03607	NA	SAS	1000g_phase3_wgs	WGS	GRCh38
HG03611	NA	SAS	1000g_phase3_wgs	WGS	GRCh38
HG03615	NA	SAS	1000g_phase3_wgs	WGS	GRCh38
HG03616	NA	SAS	1000g_phase3_wgs	WGS	GRCh38
HG03618	NA	SAS	1000g_phase3_wgs	WGS	GRCh38
HG03619	NA	SAS	1000g_phase3_wgs	WGS	GRCh38
HG03624	NA	SAS	1000g_phase3_wgs	WGS	GRCh38
HG03625	NA	SAS	1000g_phase3_wgs	WGS	GRCh38
HG03629	NA	SAS	1000g_phase3_wgs	WGS	GRCh38
HG03631	NA	SAS	1000g_phase3_wgs	WGS	GRCh38
HG03633	NA	SAS	1000g_phase3_wgs	WGS	GRCh38
HG03634	NA	SAS	1000g_phase3_wgs	WGS	GRCh38
HG03636	NA	SAS	1000g_phase3_wgs	WGS	GRCh38
HG03639	NA	SAS	1000g_phase3_wgs	WGS	GRCh38
HG03640	NA	SAS	1000g_phase3_wgs	WGS	GRCh38
HG03642	NA	SAS	1000g_phase3_wgs	WGS	GRCh38
HG03643	NA	SAS	1000g_phase3_wgs	WGS	GRCh38
HG03644	NA	SAS	1000g_phase3_wgs	WGS	GRCh38
HG03645	NA	SAS	1000g_phase3_wgs	WGS	GRCh38
HG03646	NA	SAS	1000g_phase3_wgs	WGS	GRCh38
HG03649	NA	SAS	1000g_phase3_wgs	WGS	GRCh38
HG03650	NA	SAS	1000g_phase3_wgs	WGS	GRCh38
HG03652	NA	SAS	1000g_phase3_wgs	WGS	GRCh38
HG03653	NA	SAS	1000g_phase3_wgs	WGS	GRCh38
HG03660	NA	SAS	1000g_phase3_wgs	WGS	GRCh38
HG03663	NA	SAS	1000g_phase3_wgs	WGS	GRCh38
HG03667	NA	SAS	1000g_phase3_wgs	WGS	GRCh38
HG03668	NA	SAS	1000g_phase3_wgs	WGS	GRCh38
HG03672	NA	SAS	1000g_phase3_wgs	WGS	GRCh38
HG03673	NA	SAS	1000g_phase3_wgs	WGS	GRCh38
HG03679	NA	SAS	1000g_phase3_wgs	WGS	GRCh38
HG03680	NA	SAS	1000g_phase3_wgs	WGS	GRCh38
HG03681	NA	SAS	1000g_phase3_wgs	WGS	GRCh38
HG03682	NA	SAS	1000g_phase3_wgs	WGS	GRCh38
HG03684	NA	SAS	1000g_phase3_wgs	WGS	GRCh38
HG03685	NA	SAS	1000g_phase3_wgs	WGS	GRCh38
HG03686	NA	SAS	1000g_phase3_wgs	WGS	GRCh38
HG03687	NA	SAS	1000g_phase3_wgs	WGS	GRCh38
HG03689	NA	SAS	1000g_phase3_wgs	WGS	GRCh38
HG03690	NA	SAS	1000g_phase3_wgs	WGS	GRCh38
HG03691	NA	SAS	1000g_phase3_wgs	WGS	GRCh38
HG03692	NA	SAS	1000g_phase3_wgs	WGS	GRCh38
HG03693	NA	SAS	1000g_phase3_wgs	WGS	GRCh38
HG03694	NA	SAS	1000g_phase3_wgs	WGS	GRCh38
HG03695	NA	SAS	1000g_phase3_wgs	WGS	GRCh38
HG03696	NA	SAS	1000g_phase3_wgs	WGS	GRCh38
HG03697	NA	SAS	1000g_phase3_wgs	WGS	GRCh38
HG03698	NA	SAS	1000g_phase3_wgs	WGS	GRCh38
HG03699	NA	SAS	1000g_phase3_wgs	WGS	GRCh38
HG03700	NA	SAS	1000g_phase3_wgs	WGS	GRCh38
HG03702	NA	SAS	1000g_phase3_wgs	WGS	GRCh38
HG03703	NA	SAS	1000g_phase3_wgs	WGS	GRCh38
HG03705	NA	SAS	1000g_phase3_wgs	WGS	GRCh38
HG03706	NA	SAS	1000g_phase3_wgs	WGS	GRCh38
HG03708	NA	SAS	1000g_phase3_wgs	WGS	GRCh38
HG03709	NA	SAS	1000g_phase3_wgs	WGS	GRCh38
HG03711	NA	SAS	1000g_phase3_wgs	WGS	GRCh38
HG03713	NA	SAS	1000g_phase3_wgs	WGS	GRCh38
HG03714	NA	SAS	1000g_phase3_wgs	WGS	GRCh38
HG03716	NA	SAS	1000g_phase3_wgs	WGS	GRCh38
HG03717	NA	SAS	1000g_phase3_wgs	WGS	GRCh38
HG03718	NA	SAS	1000g_phase3_wgs	WGS	GRCh38
HG03720	NA	SAS	1000g_phase3_wgs	WGS	GRCh38
HG03721	NA	SAS	1000g_phase3_wgs	WGS	GRCh38
HG03722	NA	SAS	1000g_phase3_wgs	WGS	GRCh38
HG03725	NA	SAS	1000g_phase3_wgs	WGS	GRCh38
HG03727	NA	SAS	1000g_phase3_wgs	WGS	GRCh38
HG03729	NA	SAS	1000g_phase3_wgs	WGS	GRCh38
HG03730	NA	SAS	1000g_phase3_wgs	WGS	GRCh38
HG03731	NA	SAS	1000g_phase3_wgs	WGS	GRCh38
HG03733	NA	SAS	1000g_phase3_wgs	WGS	GRCh38
HG03736	NA	SAS	1000g_phase3_wgs	WGS	GRCh38
HG03738	NA	SAS	1000g_phase3_wgs	WGS	GRCh38
HG03740	NA	SAS	1000g_phase3_wgs	WGS	GRCh38
HG03741	NA	SAS	1000g_phase3_wgs	WGS	GRCh38
HG03742	NA	SAS	1000g_phase3_wgs	WGS	GRCh38
HG03743	NA	SAS	1000g_phase3_wgs	WGS	GRCh38
HG03744	NA	SAS	1000g_phase3_wgs	WGS	GRCh38
HG03745	NA	SAS	1000g_phase3_wgs	WGS	GRCh38
HG03746	NA	SAS	1000g_phase3_wgs	WGS	GRCh38
HG03750	NA	SAS	1000g_phase3_wgs	WGS	GRCh38
HG03752	NA	SAS	1000g_phase3_wgs	WGS	GRCh38
HG03753	NA	SAS	1000g_phase3_wgs	WGS	GRCh38
HG03755	NA	SAS	1000g_phase3_wgs	WGS	GRCh38
HG03756	NA	SAS	1000g_phase3_wgs	WGS	GRCh38
HG03757	NA	SAS	1000g_phase3_wgs	WGS	GRCh38
HG03760	NA	SAS	1000g_phase3_wgs	WGS	GRCh38
HG03761	NA	SAS	1000g_phase3_wgs	WGS	GRCh38
HG03762	NA	SAS	1000g_phase3_wgs	WGS	GRCh38
HG03765	NA	SAS	1000g_phase3_wgs	WGS	GRCh38
HG03767	NA	SAS	1000g_phase3_wgs	WGS	GRCh38
HG03770	NA	SAS	1000g_phase3_wgs	WGS	GRCh38
HG03771	NA	SAS	1000g_phase3_wgs	WGS	GRCh38
HG03772	NA	SAS	1000g_phase3_wgs	WGS	GRCh38
HG03773	NA	SAS	1000g_phase3_wgs	WGS	GRCh38
HG03774	NA	SAS	1000g_phase3_wgs	WGS	GRCh38
HG03775	NA	SAS	1000g_phase3_wgs	WGS	GRCh38
HG03777	NA	SAS	1000g_phase3_wgs	WGS	GRCh38
HG03778	NA	SAS	1000g_phase3_wgs	WGS	GRCh38
HG03779	NA	SAS	1000g_phase3_wgs	WGS	GRCh38
HG03780	NA	SAS	1000g_phase3_wgs	WGS	GRCh38
HG03781	NA	SAS	1000g_phase3_wgs	WGS	GRCh38
HG03782	NA	SAS	1000g_phase3_wgs	WGS	GRCh38
HG03784	NA	SAS	1000g_phase3_wgs	WGS	GRCh38
HG03785	NA	SAS	1000g_phase3_wgs	WGS	GRCh38
HG03786	NA	SAS	1000g_phase3_wgs	WGS	GRCh38
HG03787	NA	SAS	1000g_phase3_wgs	WGS	GRCh38
HG03788	NA	SAS	1000g_phase3_wgs	WGS	GRCh38
HG03789	NA	SAS	1000g_phase3_wgs	WGS	GRCh38
HG03790	NA	SAS	1000g_phase3_wgs	WGS	GRCh38
HG03792	NA	SAS	1000g_phase3_wgs	WGS	GRCh38
HG03793	NA	SAS	1000g_phase3_wgs	WGS	GRCh38
HG03794	NA	SAS	1000g_phase3_wgs	WGS	GRCh38
HG03796	NA	SAS	1000g_phase3_wgs	WGS	GRCh38
HG03797	NA	SAS	1000g_phase3_wgs	WGS	GRCh38
HG03799	NA	SAS	1000g_phase3_wgs	WGS	GRCh38
HG03800	NA	SAS	1000g_phase3_wgs	WGS	GRCh38
HG03802	NA	SAS	1000g_phase3_wgs	WGS	GRCh38
HG03803	NA	SAS	1000g_phase3_wgs	WGS	GRCh38
HG03805	NA	SAS	1000g_phase3_wgs	WGS	GRCh38
HG03806	NA	SAS	1000g_phase3_wgs	WGS	GRCh38
HG03808	NA	SAS	1000g_phase3_wgs	WGS	GRCh38
HG03809	NA	SAS	1000g_phase3_wgs	WGS	GRCh38
HG03812	NA	SAS	1000g_phase3_wgs	WGS	GRCh38
HG03814	NA	SAS	1000g_phase3_wgs	WGS	GRCh38
HG03815	NA	SAS	1000g_phase3_wgs	WGS	GRCh38
HG03817	NA	SAS	1000g_phase3_wgs	WGS	GRCh38
HG03821	NA	SAS	1000g_phase3_wgs	WGS	GRCh38
HG03823	NA	SAS	1000g_phase3_wgs	WGS	GRCh38
HG03824	NA	SAS	1000g_phase3_wgs	WGS	GRCh38
HG03826	NA	SAS	1000g_phase3_wgs	WGS	GRCh38
HG03829	NA	SAS	1000g_phase3_wgs	WGS	GRCh38
HG03830	NA	SAS	1000g_phase3_wgs	WGS	GRCh38
HG03832	NA	SAS	1000g_phase3_wgs	WGS	GRCh38
HG03833	NA	SAS	1000g_phase3_wgs	WGS	GRCh38
HG03836	NA	SAS	1000g_phase3_wgs	WGS	GRCh38
HG03837	NA	SAS	1000g_phase3_wgs	WGS	GRCh38
HG03838	NA	SAS	1000g_phase3_wgs	WGS	GRCh38
HG03844	NA	SAS	1000g_phase3_wgs	WGS	GRCh38
HG03846	NA	SAS	1000g_phase3_wgs	WGS	GRCh38
HG03848	NA	SAS	1000g_phase3_wgs	WGS	GRCh38
HG03849	NA	SAS	1000g_phase3_wgs	WGS	GRCh38
HG03850	NA	SAS	1000g_phase3_wgs	WGS	GRCh38
HG03851	NA	SAS	1000g_phase3_wgs	WGS	GRCh38
HG03854	NA	SAS	1000g_phase3_wgs	WGS	GRCh38
HG03856	NA	SAS	1000g_phase3_wgs	WGS	GRCh38
HG03857	NA	SAS	1000g_phase3_wgs	WGS	GRCh38
HG03858	NA	SAS	1000g_phase3_wgs	WGS	GRCh38
HG03861	NA	SAS	1000g_phase3_wgs	WGS	GRCh38
HG03862	NA	SAS	1000g_phase3_wgs	WGS	GRCh38
HG03863	NA	SAS	1000g_phase3_wgs	WGS	GRCh38
HG03864	NA	SAS	1000g_phase3_wgs	WGS	GRCh38
HG03866	NA	SAS	1000g_phase3_wgs	WGS	GRCh38
HG03867	NA	SAS	1000g_phase3_wgs	WGS	GRCh38
HG03868	NA	SAS	1000g_phase3_wgs	WGS	GRCh38
HG03869	NA	SAS	1000g_phase3_wgs	WGS	GRCh38
HG03870	NA	SAS	1000g_phase3_wgs	WGS	GRCh38
HG03871	NA	SAS	1000g_phase3_wgs	WGS	GRCh38
HG03872	NA	SAS	1000g_phase3_wgs	WGS	GRCh38
HG03873	NA	SAS	1000g_phase3_wgs	WGS	GRCh38
HG03874	NA	SAS	1000g_phase3_wgs	WGS	GRCh38
HG03875	NA	SAS	1000g_phase3_wgs	WGS	GRCh38
HG03882	NA	SAS	1000g_phase3_wgs	WGS	GRCh38
HG03884	NA	SAS	1000g_phase3_wgs	WGS	GRCh38
HG03885	NA	SAS	1000g_phase3_wgs	WGS	GRCh38
HG03886	NA	SAS	1000g_phase3_wgs	WGS	GRCh38
HG03887	NA	SAS	1000g_phase3_wgs	WGS	GRCh38
HG03888	NA	SAS	1000g_phase3_wgs	WGS	GRCh38
HG03890	NA	SAS	1000g_phase3_wgs	WGS	GRCh38
HG03894	NA	SAS	1000g_phase3_wgs	WGS	GRCh38
HG03895	NA	SAS	1000g_phase3_wgs	WGS	GRCh38
HG03896	NA	SAS	1000g_phase3_wgs	WGS	GRCh38
HG03897	NA	SAS	1000g_phase3_wgs	WGS	GRCh38
HG03898	NA	SAS	1000g_phase3_wgs	WGS	GRCh38
HG03900	NA	SAS	1000g_phase3_wgs	WGS	GRCh38
HG03902	NA	SAS	1000g_phase3_wgs	WGS	GRCh38
HG03904	NA	SAS	1000g_phase3_wgs	WGS	GRCh38
HG03905	NA	SAS	1000g_phase3_wgs	WGS	GRCh38
HG03907	NA	SAS	1000g_phase3_wgs	WGS	GRCh38
HG03908	NA	SAS	1000g_phase3_wgs	WGS	GRCh38
HG03910	NA	SAS	1000g_phase3_wgs	WGS	GRCh38
HG03911	NA	SAS	1000g_phase3_wgs	WGS	GRCh38
HG03913	NA	SAS	1000g_phase3_wgs	WGS	GRCh38
HG03914	NA	SAS	1000g_phase3_wgs	WGS	GRCh38
HG03916	NA	SAS	1000g_phase3_wgs	WGS	GRCh38
HG03917	NA	SAS	1000g_phase3_wgs	WGS	GRCh38
HG03919	NA	SAS	1000g_phase3_wgs	WGS	GRCh38
HG03920	NA	SAS	1000g_phase3_wgs	WGS	GRCh38
HG03922	NA	SAS	1000g_phase3_wgs	WGS	GRCh38
HG03925	NA	SAS	1000g_phase3_wgs	WGS	GRCh38
HG03926	NA	SAS	1000g_phase3_wgs	WGS	GRCh38
HG03928	NA	SAS	1000g_phase3_wgs	WGS	GRCh38
HG03929	NA	SAS	1000g_phase3_wgs	WGS	GRCh38
HG03931	NA	SAS	1000g_phase3_wgs	WGS	GRCh38
HG03934	NA	SAS	1000g_phase3_wgs	WGS	GRCh38
HG03937	NA	SAS	1000g_phase3_wgs	WGS	GRCh38
HG03940	NA	SAS	1000g_phase3_wgs	WGS	GRCh38
HG03941	NA	SAS	1000g_phase3_wgs	WGS	GRCh38
HG03943	NA	SAS	1000g_phase3_wgs	WGS	GRCh38
HG03944	NA	SAS	1000g_phase3_wgs	WGS	GRCh38
HG03945	NA	SAS	1000g_phase3_wgs	WGS	GRCh38
HG03947	NA	SAS	1000g_phase3_wgs	WGS	GRCh38
HG03949	NA	SAS	1000g_phase3_wgs	WGS	GRCh38
HG03950	NA	SAS	1000g_phase3_wgs	WGS	GRCh38
HG03951	NA	SAS	1000g_phase3_wgs	WGS	GRCh38
HG03953	NA	SAS	1000g_phase3_wgs	WGS	GRCh38
HG03955	NA	SAS	1000g_phase3_wgs	WGS	GRCh38
HG03960	NA	SAS	1000g_phase3_wgs	WGS	GRCh38
HG03963	NA	SAS	1000g_phase3_wgs	WGS	GRCh38
HG03965	NA	SAS	1000g_phase3_wgs	WGS	GRCh38
HG03967	NA	SAS	1000g_phase3_wgs	WGS	GRCh38
HG03968	NA	SAS	1000g_phase3_wgs	WGS	GRCh38
HG03969	NA	SAS	1000g_phase3_wgs	WGS	GRCh38
HG03971	NA	SAS	1000g_phase3_wgs	WGS	GRCh38
HG03973	NA	SAS	1000g_phase3_wgs	WGS	GRCh38
HG03974	NA	SAS	1000g_phase3_wgs	WGS	GRCh38
HG03976	NA	SAS	1000g_phase3_wgs	WGS	GRCh38
HG03977	NA	SAS	1000g_phase3_wgs	WGS	GRCh38
HG03978	NA	SAS	1000g_phase3_wgs	WGS	GRCh38
HG03985	NA	SAS	1000g_phase3_wgs	WGS	GRCh38
HG03986	NA	SAS	1000g_phase3_wgs	WGS	GRCh38
HG03989	NA	SAS	1000g_phase3_wgs	WGS	GRCh38
HG03990	NA	SAS	1000g_phase3_wgs	WGS	GRCh38
HG03991	NA	SAS	1000g_phase3_wgs	WGS	GRCh38
HG03995	NA	SAS	1000g_phase3_wgs	WGS	GRCh38
HG03999	NA	SAS	1000g_phase3_wgs	WGS	GRCh38
HG04001	NA	SAS	1000g_phase3_wgs	WGS	GRCh38
HG04002	NA	SAS	1000g_phase3_wgs	WGS	GRCh38
HG04003	NA	SAS	1000g_phase3_wgs	WGS	GRCh38
HG04006	NA	SAS	1000g_phase3_wgs	WGS	GRCh38
HG04014	NA	SAS	1000g_phase3_wgs	WGS	GRCh38
HG04015	NA	SAS	1000g_phase3_wgs	WGS	GRCh38
HG04017	NA	SAS	1000g_phase3_wgs	WGS	GRCh38
HG04018	NA	SAS	1000g_phase3_wgs	WGS	GRCh38
HG04019	NA	SAS	1000g_phase3_wgs	WGS	GRCh38
HG04020	NA	SAS	1000g_phase3_wgs	WGS	GRCh38
HG04022	NA	SAS	1000g_phase3_wgs	WGS	GRCh38
HG04023	NA	SAS	1000g_phase3_wgs	WGS	GRCh38
HG04025	NA	SAS	1000g_phase3_wgs	WGS	GRCh38
HG04026	NA	SAS	1000g_phase3_wgs	WGS	GRCh38
HG04029	NA	SAS	1000g_phase3_wgs	WGS	GRCh38
HG04033	NA	SAS	1000g_phase3_wgs	WGS	GRCh38
HG04035	NA	SAS	1000g_phase3_wgs	WGS	GRCh38
HG04038	NA	SAS	1000g_phase3_wgs	WGS	GRCh38
HG04039	NA	SAS	1000g_phase3_wgs	WGS	GRCh38
HG04042	NA	SAS	1000g_phase3_wgs	WGS	GRCh38
HG04047	NA	SAS	1000g_phase3_wgs	WGS	GRCh38
HG04054	NA	SAS	1000g_phase3_wgs	WGS	GRCh38
HG04056	NA	SAS	1000g_phase3_wgs	WGS	GRCh38
HG04059	NA	SAS	1000g_phase3_wgs	WGS	GRCh38
HG04060	NA	SAS	1000g_phase3_wgs	WGS	GRCh38
HG04061	NA	SAS	1000g_phase3_wgs	WGS	GRCh38
HG04062	NA	SAS	1000g_phase3_wgs	WGS	GRCh38
HG04063	NA	SAS	1000g_phase3_wgs	WGS	GRCh38
HG04070	NA	SAS	1000g_phase3_wgs	WGS	GRCh38
HG04075	NA	SAS	1000g_phase3_wgs	WGS	GRCh38
HG04076	NA	SAS	1000g_phase3_wgs	WGS	GRCh38
HG04080	NA	SAS	1000g_phase3_wgs	WGS	GRCh38
HG04090	NA	SAS	1000g_phase3_wgs	WGS	GRCh38
HG04093	NA	SAS	1000g_phase3_wgs	WGS	GRCh38
HG04094	NA	SAS	1000g_phase3_wgs	WGS	GRCh38
HG04096	NA	SAS	1000g_phase3_wgs	WGS	GRCh38
HG04098	NA	SAS	1000g_phase3_wgs	WGS	GRCh38
HG04099	NA	SAS	1000g_phase3_wgs	WGS	GRCh38
HG04100	NA	SAS	1000g_phase3_wgs	WGS	GRCh38
HG04106	NA	SAS	1000g_phase3_wgs	WGS	GRCh38
HG04107	NA	SAS	1000g_phase3_wgs	WGS	GRCh38
HG04118	NA	SAS	1000g_phase3_wgs	WGS	GRCh38
HG04127	NA	SAS	1000g_phase3_wgs	WGS	GRCh38
HG04131	NA	SAS	1000g_phase3_wgs	WGS	GRCh38
HG04132	NA	SAS	1000g_phase3_wgs	WGS	GRCh38
HG04134	NA	SAS	1000g_phase3_wgs	WGS	GRCh38
HG04135	NA	SAS	1000g_phase3_wgs	WGS	GRCh38
HG04140	NA	SAS	1000g_phase3_wgs	WGS	GRCh38
HG04141	NA	SAS	1000g_phase3_wgs	WGS	GRCh38
HG04144	NA	SAS	1000g_phase3_wgs	WGS	GRCh38
HG04146	NA	SAS	1000g_phase3_wgs	WGS	GRCh38
HG04147	NA	SAS	1000g_phase3_wgs	WGS	GRCh38
HG04149	NA	SAS	1000g_phase3_wgs	WGS	GRCh38
HG04150	NA	SAS	1000g_phase3_wgs	WGS	GRCh38
HG04152	NA	SAS	1000g_phase3_wgs	WGS	GRCh38
HG04153	NA	SAS	1000g_phase3_wgs	WGS	GRCh38
HG04155	NA	SAS	1000g_phase3_wgs	WGS	GRCh38
HG04156	NA	SAS	1000g_phase3_wgs	WGS	GRCh38
HG04158	NA	SAS	1000g_phase3_wgs	WGS	GRCh38
HG04159	NA	SAS	1000g_phase3_wgs	WGS	GRCh38
HG04161	NA	SAS	1000g_phase3_wgs	WGS	GRCh38
HG04162	NA	SAS	1000g_phase3_wgs	WGS	GRCh38
HG04164	NA	SAS	1000g_phase3_wgs	WGS	GRCh38
HG04171	NA	SAS	1000g_phase3_wgs	WGS	GRCh38
HG04173	NA	SAS	1000g_phase3_wgs	WGS	GRCh38
HG04174	NA	SAS	1000g_phase3_wgs	WGS	GRCh38
HG04176	NA	SAS	1000g_phase3_wgs	WGS	GRCh38
HG04177	NA	SAS	1000g_phase3_wgs	WGS	GRCh38
HG04180	NA	SAS	1000g_phase3_wgs	WGS	GRCh38
HG04182	NA	SAS	1000g_phase3_wgs	WGS	GRCh38
HG04183	NA	SAS	1000g_phase3_wgs	WGS	GRCh38
HG04185	NA	SAS	1000g_phase3_wgs	WGS	GRCh38
HG04186	NA	SAS	1000g_phase3_wgs	WGS	GRCh38
HG04188	NA	SAS	1000g_phase3_wgs	WGS	GRCh38
HG04189	NA	SAS	1000g_phase3_wgs	WGS	GRCh38
HG04191	NA	SAS	1000g_phase3_wgs	WGS	GRCh38
HG04192	NA	SAS	1000g_phase3_wgs	WGS	GRCh38
HG04194	NA	SAS	1000g_phase3_wgs	WGS	GRCh38
HG04195	NA	SAS	1000g_phase3_wgs	WGS	GRCh38
HG04198	NA	SAS	1000g_phase3_wgs	WGS	GRCh38
HG04200	NA	SAS	1000g_phase3_wgs	WGS	GRCh38
HG04202	NA	SAS	1000g_phase3_wgs	WGS	GRCh38
HG04206	NA	SAS	1000g_phase3_wgs	WGS	GRCh38
HG04209	NA	SAS	1000g_phase3_wgs	WGS	GRCh38
HG04210	NA	SAS	1000g_phase3_wgs	WGS	GRCh38
HG04211	NA	SAS	1000g_phase3_wgs	WGS	GRCh38
HG04212	NA	SAS	1000g_phase3_wgs	WGS	GRCh38
HG04214	NA	SAS	1000g_phase3_wgs	WGS	GRCh38
HG04216	NA	SAS	1000g_phase3_wgs	WGS	GRCh38
HG04219	NA	SAS	1000g_phase3_wgs	WGS	GRCh38
HG04222	NA	SAS	1000g_phase3_wgs	WGS	GRCh38
HG04225	NA	SAS	1000g_phase3_wgs	WGS	GRCh38
HG04227	NA	SAS	1000g_phase3_wgs	WGS	GRCh38
HG04229	NA	SAS	1000g_phase3_wgs	WGS	GRCh38
HG04235	NA	SAS	1000g_phase3_wgs	WGS	GRCh38
HG04238	NA	SAS	1000g_phase3_wgs	WGS	GRCh38
HG04239	NA	SAS	1000g_phase3_wgs	WGS	GRCh38
NA06984	NA	EUR	1000g_phase3_wgs	WGS	GRCh38
NA06985	NA	EUR	1000g_phase3_wgs	WGS	GRCh38
NA06986	NA	EUR	1000g_phase3_wgs	WGS	GRCh38
NA06989	NA	EUR	1000g_phase3_wgs	WGS	GRCh38
NA06993	NA	EUR	1000g_phase3_wgs	WGS	GRCh38
NA06994	NA	EUR	1000g_phase3_wgs	WGS	GRCh38
NA07000	NA	EUR	1000g_phase3_wgs	WGS	GRCh38
NA07022	NA	EUR	1000g_phase3_wgs	WGS	GRCh38
NA07031	NA	EUR	1000g_phase3_wgs	WGS	GRCh38
NA07034	NA	EUR	1000g_phase3_wgs	WGS	GRCh38
NA07037	NA	EUR	1000g_phase3_wgs	WGS	GRCh38
NA07045	NA	EUR	1000g_phase3_wgs	WGS	GRCh38
NA07051	NA	EUR	1000g_phase3_wgs	WGS	GRCh38
NA07055	NA	EUR	1000g_phase3_wgs	WGS	GRCh38
NA07056	NA	EUR	1000g_phase3_wgs	WGS	GRCh38
NA07345	NA	EUR	1000g_phase3_wgs	WGS	GRCh38
NA07346	NA	EUR	1000g_phase3_wgs	WGS	GRCh38
NA07347	NA	EUR	1000g_phase3_wgs	WGS	GRCh38
NA07357	NA	EUR	1000g_phase3_wgs	WGS	GRCh38
NA07435	NA	EUR	1000g_phase3_wgs	WGS	GRCh38
NA11829	NA	EUR	1000g_phase3_wgs	WGS	GRCh38
NA11830	NA	EUR	1000g_phase3_wgs	WGS	GRCh38
NA11831	NA	EUR	1000g_phase3_wgs	WGS	GRCh38
NA11832	NA	EUR	1000g_phase3_wgs	WGS	GRCh38
NA11839	NA	EUR	1000g_phase3_wgs	WGS	GRCh38
NA11840	NA	EUR	1000g_phase3_wgs	WGS	GRCh38
NA11843	NA	EUR	1000g_phase3_wgs	WGS	GRCh38
NA11881	NA	EUR	1000g_phase3_wgs	WGS	GRCh38
NA11882	NA	EUR	1000g_phase3_wgs	WGS	GRCh38
NA11891	NA	EUR	1000g_phase3_wgs	WGS	GRCh38
NA11892	NA	EUR	1000g_phase3_wgs	WGS	GRCh38
NA11893	NA	EUR	1000g_phase3_wgs	WGS	GRCh38
NA11894	NA	EUR	1000g_phase3_wgs	WGS	GRCh38
NA11917	NA	EUR	1000g_phase3_wgs	WGS	GRCh38
NA11918	NA	EUR	1000g_phase3_wgs	WGS	GRCh38
NA11919	NA	EUR	1000g_phase3_wgs	WGS	GRCh38
NA11920	NA	EUR	1000g_phase3_wgs	WGS	GRCh38
NA11930	NA	EUR	1000g_phase3_wgs	WGS	GRCh38
NA11931	NA	EUR	1000g_phase3_wgs	WGS	GRCh38
NA11932	NA	EUR	1000g_phase3_wgs	WGS	GRCh38
NA11933	NA	EUR	1000g_phase3_wgs	WGS	GRCh38
NA11992	NA	EUR	1000g_phase3_wgs	WGS	GRCh38
NA11993	NA	EUR	1000g_phase3_wgs	WGS	GRCh38
NA11994	NA	EUR	1000g_phase3_wgs	WGS	GRCh38
NA11995	NA	EUR	1000g_phase3_wgs	WGS	GRCh38
NA12003	NA	EUR	1000g_phase3_wgs	WGS	GRCh38
NA12004	NA	EUR	1000g_phase3_wgs	WGS	GRCh38
NA12005	NA	EUR	1000g_phase3_wgs	WGS	GRCh38
NA12006	NA	EUR	1000g_phase3_wgs	WGS	GRCh38
NA12043	NA	EUR	1000g_phase3_wgs	WGS	GRCh38
NA12044	NA	EUR	1000g_phase3_wgs	WGS	GRCh38
NA12045	NA	EUR	1000g_phase3_wgs	WGS	GRCh38
NA12046	NA	EUR	1000g_phase3_wgs	WGS	GRCh38
NA12056	NA	EUR	1000g_phase3_wgs	WGS	GRCh38
NA12057	NA	EUR	1000g_phase3_wgs	WGS	GRCh38
NA12058	NA	EUR	1000g_phase3_wgs	WGS	GRCh38
NA12144	NA	EUR	1000g_phase3_wgs	WGS	GRCh38
NA12145	NA	EUR	1000g_phase3_wgs	WGS	GRCh38
NA12146	NA	EUR	1000g_phase3_wgs	WGS	GRCh38
NA12154	NA	EUR	1000g_phase3_wgs	WGS	GRCh38
NA12155	NA	EUR	1000g_phase3_wgs	WGS	GRCh38
NA12156	NA	EUR	1000g_phase3_wgs	WGS	GRCh38
NA12234	NA	EUR	1000g_phase3_wgs	WGS	GRCh38
NA12236	NA	EUR	1000g_phase3_wgs	WGS	GRCh38
NA12239	NA	EUR	1000g_phase3_wgs	WGS	GRCh38
NA12248	NA	EUR	1000g_phase3_wgs	WGS	GRCh38
NA12249	NA	EUR	1000g_phase3_wgs	WGS	GRCh38
NA12264	NA	EUR	1000g_phase3_wgs	WGS	GRCh38
NA12272	NA	EUR	1000g_phase3_wgs	WGS	GRCh38
NA12273	NA	EUR	1000g_phase3_wgs	WGS	GRCh38
NA12274	NA	EUR	1000g_phase3_wgs	WGS	GRCh38
NA12275	NA	EUR	1000g_phase3_wgs	WGS	GRCh38
NA12282	NA	EUR	1000g_phase3_wgs	WGS	GRCh38
NA12283	NA	EUR	1000g_phase3_wgs	WGS	GRCh38
NA12286	NA	EUR	1000g_phase3_wgs	WGS	GRCh38
NA12287	NA	EUR	1000g_phase3_wgs	WGS	GRCh38
NA12340	NA	EUR	1000g_phase3_wgs	WGS	GRCh38
NA12341	NA	EUR	1000g_phase3_wgs	WGS	GRCh38
NA12342	NA	EUR	1000g_phase3_wgs	WGS	GRCh38
NA12343	NA	EUR	1000g_phase3_wgs	WGS	GRCh38
NA12347	NA	EUR	1000g_phase3_wgs	WGS	GRCh38
NA12348	NA	EUR	1000g_phase3_wgs	WGS	GRCh38
NA12383	NA	EUR	1000g_phase3_wgs	WGS	GRCh38
NA12399	NA	EUR	1000g_phase3_wgs	WGS	GRCh38
NA12400	NA	EUR	1000g_phase3_wgs	WGS	GRCh38
NA12413	NA	EUR	1000g_phase3_wgs	WGS	GRCh38
NA12414	NA	EUR	1000g_phase3_wgs	WGS	GRCh38
NA12489	NA	EUR	1000g_phase3_wgs	WGS	GRCh38
NA12546	NA	EUR	1000g_phase3_wgs	WGS	GRCh38
NA12716	NA	EUR	1000g_phase3_wgs	WGS	GRCh38
NA12717	NA	EUR	1000g_phase3_wgs	WGS	GRCh38
NA12718	NA	EUR	1000g_phase3_wgs	WGS	GRCh38
NA12748	NA	EUR	1000g_phase3_wgs	WGS	GRCh38
NA12749	NA	EUR	1000g_phase3_wgs	WGS	GRCh38
NA12750	NA	EUR	1000g_phase3_wgs	WGS	GRCh38
NA12751	NA	EUR	1000g_phase3_wgs	WGS	GRCh38
NA12760	NA	EUR	1000g_phase3_wgs	WGS	GRCh38
NA12761	NA	EUR	1000g_phase3_wgs	WGS	GRCh38
NA12762	NA	EUR	1000g_phase3_wgs	WGS	GRCh38
NA12763	NA	EUR	1000g_phase3_wgs	WGS	GRCh38
NA12775	NA	EUR	1000g_phase3_wgs	WGS	GRCh38
NA12776	NA	EUR	1000g_phase3_wgs	WGS	GRCh38
NA12777	NA	EUR	1000g_phase3_wgs	WGS	GRCh38
NA12778	NA	EUR	1000g_phase3_wgs	WGS	GRCh38
NA12812	NA	EUR	1000g_phase3_wgs	WGS	GRCh38
NA12814	NA	EUR	1000g_phase3_wgs	WGS	GRCh38
NA12815	NA	EUR	1000g_phase3_wgs	WGS	GRCh38
NA12827	NA	EUR	1000g_phase3_wgs	WGS	GRCh38
NA12828	NA	EUR	1000g_phase3_wgs	WGS	GRCh38
NA12829	NA	EUR	1000g_phase3_wgs	WGS	GRCh38
NA12830	NA	EUR	1000g_phase3_wgs	WGS	GRCh38
NA12842	NA	EUR	1000g_phase3_wgs	WGS	GRCh38
NA12843	NA	EUR	1000g_phase3_wgs	WGS	GRCh38
NA12872	NA	EUR	1000g_phase3_wgs	WGS	GRCh38
NA12873	NA	EUR	1000g_phase3_wgs	WGS	GRCh38
NA12874	NA	EUR	1000g_phase3_wgs	WGS	GRCh38
NA12875	NA	EUR	1000g_phase3_wgs	WGS	GRCh38
NA12889	NA	EUR	1000g_phase3_wgs	WGS	GRCh38
NA12890	NA	EUR	1000g_phase3_wgs	WGS	GRCh38
NA12891	NA	EUR	1000g_phase3_wgs	WGS	GRCh38
NA12892	NA	EUR	1000g_phase3_wgs	WGS	GRCh38
NA18486	NA	AFR	1000g_phase3_wgs	WGS	GRCh38
NA18487	NA	AFR	1000g_phase3_wgs	WGS	GRCh38
NA18488	NA	AFR	1000g_phase3_wgs	WGS	GRCh38
NA18489	NA	AFR	1000g_phase3_wgs	WGS	GRCh38
NA18498	NA	AFR	1000g_phase3_wgs	WGS	GRCh38
NA18499	NA	AFR	1000g_phase3_wgs	WGS	GRCh38
NA18501	NA	AFR	1000g_phase3_wgs	WGS	GRCh38
NA18502	NA	AFR	1000g_phase3_wgs	WGS	GRCh38
NA18504	NA	AFR	1000g_phase3_wgs	WGS	GRCh38
NA18505	NA	AFR	1000g_phase3_wgs	WGS	GRCh38
NA18507	NA	AFR	1000g_phase3_wgs	WGS	GRCh38
NA18508	NA	AFR	1000g_phase3_wgs	WGS	GRCh38
NA18510	NA	AFR	1000g_phase3_wgs	WGS	GRCh38
NA18511	NA	AFR	1000g_phase3_wgs	WGS	GRCh38
NA18516	NA	AFR	1000g_phase3_wgs	WGS	GRCh38
NA18517	NA	AFR	1000g_phase3_wgs	WGS	GRCh38
NA18519	NA	AFR	1000g_phase3_wgs	WGS	GRCh38
NA18520	NA	AFR	1000g_phase3_wgs	WGS	GRCh38
NA18522	NA	AFR	1000g_phase3_wgs	WGS	GRCh38
NA18523	NA	AFR	1000g_phase3_wgs	WGS	GRCh38
NA18525	NA	EAS	1000g_phase3_wgs	WGS	GRCh38
NA18526	NA	EAS	1000g_phase3_wgs	WGS	GRCh38
NA18528	NA	EAS	1000g_phase3_wgs	WGS	GRCh38
NA18530	NA	EAS	1000g_phase3_wgs	WGS	GRCh38
NA18531	NA	EAS	1000g_phase3_wgs	WGS	GRCh38
NA18532	NA	EAS	1000g_phase3_wgs	WGS	GRCh38
NA18533	NA	EAS	1000g_phase3_wgs	WGS	GRCh38
NA18534	NA	EAS	1000g_phase3_wgs	WGS	GRCh38
NA18535	NA	EAS	1000g_phase3_wgs	WGS	GRCh38
NA18536	NA	EAS	1000g_phase3_wgs	WGS	GRCh38
NA18537	NA	EAS	1000g_phase3_wgs	WGS	GRCh38
NA18538	NA	EAS	1000g_phase3_wgs	WGS	GRCh38
NA18539	NA	EAS	1000g_phase3_wgs	WGS	GRCh38
NA18541	NA	EAS	1000g_phase3_wgs	WGS	GRCh38
NA18542	NA	EAS	1000g_phase3_wgs	WGS	GRCh38
NA18543	NA	EAS	1000g_phase3_wgs	WGS	GRCh38
NA18544	NA	EAS	1000g_phase3_wgs	WGS	GRCh38
NA18545	NA	EAS	1000g_phase3_wgs	WGS	GRCh38
NA18546	NA	EAS	1000g_phase3_wgs	WGS	GRCh38
NA18547	NA	EAS	1000g_phase3_wgs	WGS	GRCh38
NA18548	NA	EAS	1000g_phase3_wgs	WGS	GRCh38
NA18549	NA	EAS	1000g_phase3_wgs	WGS	GRCh38
NA18550	NA	EAS	1000g_phase3_wgs	WGS	GRCh38
NA18552	NA	EAS	1000g_phase3_wgs	WGS	GRCh38
NA18553	NA	EAS	1000g_phase3_wgs	WGS	GRCh38
NA18555	NA	EAS	1000g_phase3_wgs	WGS	GRCh38
NA18557	NA	EAS	1000g_phase3_wgs	WGS	GRCh38
NA18558	NA	EAS	1000g_phase3_wgs	WGS	GRCh38
NA18559	NA	EAS	1000g_phase3_wgs	WGS	GRCh38
NA18560	NA	EAS	1000g_phase3_wgs	WGS	GRCh38
NA18561	NA	EAS	1000g_phase3_wgs	WGS	GRCh38
NA18562	NA	EAS	1000g_phase3_wgs	WGS	GRCh38
NA18563	NA	EAS	1000g_phase3_wgs	WGS	GRCh38
NA18564	NA	EAS	1000g_phase3_wgs	WGS	GRCh38
NA18565	NA	EAS	1000g_phase3_wgs	WGS	GRCh38
NA18566	NA	EAS	1000g_phase3_wgs	WGS	GRCh38
NA18567	NA	EAS	1000g_phase3_wgs	WGS	GRCh38
NA18570	NA	EAS	1000g_phase3_wgs	WGS	GRCh38
NA18571	NA	EAS	1000g_phase3_wgs	WGS	GRCh38
NA18572	NA	EAS	1000g_phase3_wgs	WGS	GRCh38
NA18573	NA	EAS	1000g_phase3_wgs	WGS	GRCh38
NA18574	NA	EAS	1000g_phase3_wgs	WGS	GRCh38
NA18577	NA	EAS	1000g_phase3_wgs	WGS	GRCh38
NA18579	NA	EAS	1000g_phase3_wgs	WGS	GRCh38
NA18582	NA	EAS	1000g_phase3_wgs	WGS	GRCh38
NA18591	NA	EAS	1000g_phase3_wgs	WGS	GRCh38
NA18592	NA	EAS	1000g_phase3_wgs	WGS	GRCh38
NA18593	NA	EAS	1000g_phase3_wgs	WGS	GRCh38
NA18595	NA	EAS	1000g_phase3_wgs	WGS	GRCh38
NA18596	NA	EAS	1000g_phase3_wgs	WGS	GRCh38
NA18597	NA	EAS	1000g_phase3_wgs	WGS	GRCh38
NA18599	NA	EAS	1000g_phase3_wgs	WGS	GRCh38
NA18602	NA	EAS	1000g_phase3_wgs	WGS	GRCh38
NA18603	NA	EAS	1000g_phase3_wgs	WGS	GRCh38
NA18605	NA	EAS	1000g_phase3_wgs	WGS	GRCh38
NA18606	NA	EAS	1000g_phase3_wgs	WGS	GRCh38
NA18608	NA	EAS	1000g_phase3_wgs	WGS	GRCh38
NA18609	NA	EAS	1000g_phase3_wgs	WGS	GRCh38
NA18610	NA	EAS	1000g_phase3_wgs	WGS	GRCh38
NA18611	NA	EAS	1000g_phase3_wgs	WGS	GRCh38
NA18612	NA	EAS	1000g_phase3_wgs	WGS	GRCh38
NA18613	NA	EAS	1000g_phase3_wgs	WGS	GRCh38
NA18614	NA	EAS	1000g_phase3_wgs	WGS	GRCh38
NA18615	NA	EAS	1000g_phase3_wgs	WGS	GRCh38
NA18616	NA	EAS	1000g_phase3_wgs	WGS	GRCh38
NA18617	NA	EAS	1000g_phase3_wgs	WGS	GRCh38
NA18618	NA	EAS	1000g_phase3_wgs	WGS	GRCh38
NA18619	NA	EAS	1000g_phase3_wgs	WGS	GRCh38
NA18620	NA	EAS	1000g_phase3_wgs	WGS	GRCh38
NA18621	NA	EAS	1000g_phase3_wgs	WGS	GRCh38
NA18622	NA	EAS	1000g_phase3_wgs	WGS	GRCh38
NA18623	NA	EAS	1000g_phase3_wgs	WGS	GRCh38
NA18624	NA	EAS	1000g_phase3_wgs	WGS	GRCh38
NA18625	NA	EAS	1000g_phase3_wgs	WGS	GRCh38
NA18626	NA	EAS	1000g_phase3_wgs	WGS	GRCh38
NA18627	NA	EAS	1000g_phase3_wgs	WGS	GRCh38
NA18628	NA	EAS	1000g_phase3_wgs	WGS	GRCh38
NA18629	NA	EAS	1000g_phase3_wgs	WGS	GRCh38
NA18630	NA	EAS	1000g_phase3_wgs	WGS	GRCh38
NA18631	NA	EAS	1000g_phase3_wgs	WGS	GRCh38
NA18632	NA	EAS	1000g_phase3_wgs	WGS	GRCh38
NA18633	NA	EAS	1000g_phase3_wgs	WGS	GRCh38
NA18634	NA	EAS	1000g_phase3_wgs	WGS	GRCh38
NA18635	NA	EAS	1000g_phase3_wgs	WGS	GRCh38
NA18636	NA	EAS	1000g_phase3_wgs	WGS	GRCh38
NA18637	NA	EAS	1000g_phase3_wgs	WGS	GRCh38
NA18638	NA	EAS	1000g_phase3_wgs	WGS	GRCh38
NA18639	NA	EAS	1000g_phase3_wgs	WGS	GRCh38
NA18640	NA	EAS	1000g_phase3_wgs	WGS	GRCh38
NA18641	NA	EAS	1000g_phase3_wgs	WGS	GRCh38
NA18642	NA	EAS	1000g_phase3_wgs	WGS	GRCh38
NA18643	NA	EAS	1000g_phase3_wgs	WGS	GRCh38
NA18644	NA	EAS	1000g_phase3_wgs	WGS	GRCh38
NA18645	NA	EAS	1000g_phase3_wgs	WGS	GRCh38
NA18646	NA	EAS	1000g_phase3_wgs	WGS	GRCh38
NA18647	NA	EAS	1000g_phase3_wgs	WGS	GRCh38
NA18648	NA	EAS	1000g_phase3_wgs	WGS	GRCh38
NA18740	NA	EAS	1000g_phase3_wgs	WGS	GRCh38
NA18745	NA	EAS	1000g_phase3_wgs	WGS	GRCh38
NA18747	NA	EAS	1000g_phase3_wgs	WGS	GRCh38
NA18748	NA	EAS	1000g_phase3_wgs	WGS	GRCh38
NA18749	NA	EAS	1000g_phase3_wgs	WGS	GRCh38
NA18757	NA	EAS	1000g_phase3_wgs	WGS	GRCh38
NA18852	NA	AFR	1000g_phase3_wgs	WGS	GRCh38
NA18853	NA	AFR	1000g_phase3_wgs	WGS	GRCh38
NA18855	NA	AFR	1000g_phase3_wgs	WGS	GRCh38
NA18856	NA	AFR	1000g_phase3_wgs	WGS	GRCh38
NA18858	NA	AFR	1000g_phase3_wgs	WGS	GRCh38
NA18859	NA	AFR	1000g_phase3_wgs	WGS	GRCh38
NA18861	NA	AFR	1000g_phase3_wgs	WGS	GRCh38
NA18862	NA	AFR	1000g_phase3_wgs	WGS	GRCh38
NA18864	NA	AFR	1000g_phase3_wgs	WGS	GRCh38
NA18865	NA	AFR	1000g_phase3_wgs	WGS	GRCh38
NA18867	NA	AFR	1000g_phase3_wgs	WGS	GRCh38
NA18868	NA	AFR	1000g_phase3_wgs	WGS	GRCh38
NA18870	NA	AFR	1000g_phase3_wgs	WGS	GRCh38
NA18871	NA	AFR	1000g_phase3_wgs	WGS	GRCh38
NA18873	NA	AFR	1000g_phase3_wgs	WGS	GRCh38
NA18874	NA	AFR	1000g_phase3_wgs	WGS	GRCh38
NA18876	NA	AFR	1000g_phase3_wgs	WGS	GRCh38
NA18877	NA	AFR	1000g_phase3_wgs	WGS	GRCh38
NA18878	NA	AFR	1000g_phase3_wgs	WGS	GRCh38
NA18879	NA	AFR	1000g_phase3_wgs	WGS	GRCh38
NA18881	NA	AFR	1000g_phase3_wgs	WGS	GRCh38
NA18907	NA	AFR	1000g_phase3_wgs	WGS	GRCh38
NA18908	NA	AFR	1000g_phase3_wgs	WGS	GRCh38
NA18909	NA	AFR	1000g_phase3_wgs	WGS	GRCh38
NA18910	NA	AFR	1000g_phase3_wgs	WGS	GRCh38
NA18912	NA	AFR	1000g_phase3_wgs	WGS	GRCh38
NA18913	NA	AFR	1000g_phase3_wgs	WGS	GRCh38
NA18915	NA	AFR	1000g_phase3_wgs	WGS	GRCh38
NA18916	NA	AFR	1000g_phase3_wgs	WGS	GRCh38
NA18917	NA	AFR	1000g_phase3_wgs	WGS	GRCh38
NA18923	NA	AFR	1000g_phase3_wgs	WGS	GRCh38
NA18924	NA	AFR	1000g_phase3_wgs	WGS	GRCh38
NA18933	NA	AFR	1000g_phase3_wgs	WGS	GRCh38
NA18934	NA	AFR	1000g_phase3_wgs	WGS	GRCh38
NA18939	NA	EAS	1000g_phase3_wgs	WGS	GRCh38
NA18940	NA	EAS	1000g_phase3_wgs	WGS	GRCh38
NA18941	NA	EAS	1000g_phase3_wgs	WGS	GRCh38
NA18942	NA	EAS	1000g_phase3_wgs	WGS	GRCh38
NA18943	NA	EAS	1000g_phase3_wgs	WGS	GRCh38
NA18944	NA	EAS	1000g_phase3_wgs	WGS	GRCh38
NA18945	NA	EAS	1000g_phase3_wgs	WGS	GRCh38
NA18946	NA	EAS	1000g_phase3_wgs	WGS	GRCh38
NA18947	NA	EAS	1000g_phase3_wgs	WGS	GRCh38
NA18948	NA	EAS	1000g_phase3_wgs	WGS	GRCh38
NA18949	NA	EAS	1000g_phase3_wgs	WGS	GRCh38
NA18950	NA	EAS	1000g_phase3_wgs	WGS	GRCh38
NA18951	NA	EAS	1000g_phase3_wgs	WGS	GRCh38
NA18952	NA	EAS	1000g_phase3_wgs	WGS	GRCh38
NA18953	NA	EAS	1000g_phase3_wgs	WGS	GRCh38
NA18954	NA	EAS	1000g_phase3_wgs	WGS	GRCh38
NA18956	NA	EAS	1000g_phase3_wgs	WGS	GRCh38
NA18957	NA	EAS	1000g_phase3_wgs	WGS	GRCh38
NA18959	NA	EAS	1000g_phase3_wgs	WGS	GRCh38
NA18960	NA	EAS	1000g_phase3_wgs	WGS	GRCh38
NA18961	NA	EAS	1000g_phase3_wgs	WGS	GRCh38
NA18962	NA	EAS	1000g_phase3_wgs	WGS	GRCh38
NA18963	NA	EAS	1000g_phase3_wgs	WGS	GRCh38
NA18964	NA	EAS	1000g_phase3_wgs	WGS	GRCh38
NA18965	NA	EAS	1000g_phase3_wgs	WGS	GRCh38
NA18966	NA	EAS	1000g_phase3_wgs	WGS	GRCh38
NA18967	NA	EAS	1000g_phase3_wgs	WGS	GRCh38
NA18968	NA	EAS	1000g_phase3_wgs	WGS	GRCh38
NA18969	NA	EAS	1000g_phase3_wgs	WGS	GRCh38
NA18970	NA	EAS	1000g_phase3_wgs	WGS	GRCh38
NA18971	NA	EAS	1000g_phase3_wgs	WGS	GRCh38
NA18972	NA	EAS	1000g_phase3_wgs	WGS	GRCh38
NA18973	NA	EAS	1000g_phase3_wgs	WGS	GRCh38
NA18974	NA	EAS	1000g_phase3_wgs	WGS	GRCh38
NA18975	NA	EAS	1000g_phase3_wgs	WGS	GRCh38
NA18976	NA	EAS	1000g_phase3_wgs	WGS	GRCh38
NA18977	NA	EAS	1000g_phase3_wgs	WGS	GRCh38
NA18978	NA	EAS	1000g_phase3_wgs	WGS	GRCh38
NA18979	NA	EAS	1000g_phase3_wgs	WGS	GRCh38
NA18980	NA	EAS	1000g_phase3_wgs	WGS	GRCh38
NA18981	NA	EAS	1000g_phase3_wgs	WGS	GRCh38
NA18982	NA	EAS	1000g_phase3_wgs	WGS	GRCh38
NA18983	NA	EAS	1000g_phase3_wgs	WGS	GRCh38
NA18984	NA	EAS	1000g_phase3_wgs	WGS	GRCh38
NA18985	NA	EAS	1000g_phase3_wgs	WGS	GRCh38
NA18986	NA	EAS	1000g_phase3_wgs	WGS	GRCh38
NA18987	NA	EAS	1000g_phase3_wgs	WGS	GRCh38
NA18988	NA	EAS	1000g_phase3_wgs	WGS	GRCh38
NA18989	NA	EAS	1000g_phase3_wgs	WGS	GRCh38
NA18990	NA	EAS	1000g_phase3_wgs	WGS	GRCh38
NA18991	NA	EAS	1000g_phase3_wgs	WGS	GRCh38
NA18992	NA	EAS	1000g_phase3_wgs	WGS	GRCh38
NA18993	NA	EAS	1000g_phase3_wgs	WGS	GRCh38
NA18994	NA	EAS	1000g_phase3_wgs	WGS	GRCh38
NA18995	NA	EAS	1000g_phase3_wgs	WGS	GRCh38
NA18997	NA	EAS	1000g_phase3_wgs	WGS	GRCh38
NA18998	NA	EAS	1000g_phase3_wgs	WGS	GRCh38
NA18999	NA	EAS	1000g_phase3_wgs	WGS	GRCh38
NA19000	NA	EAS	1000g_phase3_wgs	WGS	GRCh38
NA19001	NA	EAS	1000g_phase3_wgs	WGS	GRCh38
NA19002	NA	EAS	1000g_phase3_wgs	WGS	GRCh38
NA19003	NA	EAS	1000g_phase3_wgs	WGS	GRCh38
NA19004	NA	EAS	1000g_phase3_wgs	WGS	GRCh38
NA19005	NA	EAS	1000g_phase3_wgs	WGS	GRCh38
NA19006	NA	EAS	1000g_phase3_wgs	WGS	GRCh38
NA19007	NA	EAS	1000g_phase3_wgs	WGS	GRCh38
NA19009	NA	EAS	1000g_phase3_wgs	WGS	GRCh38
NA19010	NA	EAS	1000g_phase3_wgs	WGS	GRCh38
NA19011	NA	EAS	1000g_phase3_wgs	WGS	GRCh38
NA19012	NA	EAS	1000g_phase3_wgs	WGS	GRCh38
NA19017	NA	AFR	1000g_phase3_wgs	WGS	GRCh38
NA19019	NA	AFR	1000g_phase3_wgs	WGS	GRCh38
NA19020	NA	AFR	1000g_phase3_wgs	WGS	GRCh38
NA19023	NA	AFR	1000g_phase3_wgs	WGS	GRCh38
NA19024	NA	AFR	1000g_phase3_wgs	WGS	GRCh38
NA19025	NA	AFR	1000g_phase3_wgs	WGS	GRCh38
NA19026	NA	AFR	1000g_phase3_wgs	WGS	GRCh38
NA19027	NA	AFR	1000g_phase3_wgs	WGS	GRCh38
NA19028	NA	AFR	1000g_phase3_wgs	WGS	GRCh38
NA19030	NA	AFR	1000g_phase3_wgs	WGS	GRCh38
NA19031	NA	AFR	1000g_phase3_wgs	WGS	GRCh38
NA19035	NA	AFR	1000g_phase3_wgs	WGS	GRCh38
NA19036	NA	AFR	1000g_phase3_wgs	WGS	GRCh38
NA19037	NA	AFR	1000g_phase3_wgs	WGS	GRCh38
NA19038	NA	AFR	1000g_phase3_wgs	WGS	GRCh38
NA19041	NA	AFR	1000g_phase3_wgs	WGS	GRCh38
NA19043	NA	AFR	1000g_phase3_wgs	WGS	GRCh38
NA19054	NA	EAS	1000g_phase3_wgs	WGS	GRCh38
NA19055	NA	EAS	1000g_phase3_wgs	WGS	GRCh38
NA19056	NA	EAS	1000g_phase3_wgs	WGS	GRCh38
NA19057	NA	EAS	1000g_phase3_wgs	WGS	GRCh38
NA19058	NA	EAS	1000g_phase3_wgs	WGS	GRCh38
NA19059	NA	EAS	1000g_phase3_wgs	WGS	GRCh38
NA19060	NA	EAS	1000g_phase3_wgs	WGS	GRCh38
NA19062	NA	EAS	1000g_phase3_wgs	WGS	GRCh38
NA19063	NA	EAS	1000g_phase3_wgs	WGS	GRCh38
NA19064	NA	EAS	1000g_phase3_wgs	WGS	GRCh38
NA19065	NA	EAS	1000g_phase3_wgs	WGS	GRCh38
NA19066	NA	EAS	1000g_phase3_wgs	WGS	GRCh38
NA19067	NA	EAS	1000g_phase3_wgs	WGS	GRCh38
NA19068	NA	EAS	1000g_phase3_wgs	WGS	GRCh38
NA19070	NA	EAS	1000g_phase3_wgs	WGS	GRCh38
NA19072	NA	EAS	1000g_phase3_wgs	WGS	GRCh38
NA19074	NA	EAS	1000g_phase3_wgs	WGS	GRCh38
NA19075	NA	EAS	1000g_phase3_wgs	WGS	GRCh38
NA19076	NA	EAS	1000g_phase3_wgs	WGS	GRCh38
NA19077	NA	EAS	1000g_phase3_wgs	WGS	GRCh38
NA19078	NA	EAS	1000g_phase3_wgs	WGS	GRCh38
NA19079	NA	EAS	1000g_phase3_wgs	WGS	GRCh38
NA19080	NA	EAS	1000g_phase3_wgs	WGS	GRCh38
NA19081	NA	EAS	1000g_phase3_wgs	WGS	GRCh38
NA19082	NA	EAS	1000g_phase3_wgs	WGS	GRCh38
NA19083	NA	EAS	1000g_phase3_wgs	WGS	GRCh38
NA19084	NA	EAS	1000g_phase3_wgs	WGS	GRCh38
NA19085	NA	EAS	1000g_phase3_wgs	WGS	GRCh38
NA19086	NA	EAS	1000g_phase3_wgs	WGS	GRCh38
NA19087	NA	EAS	1000g_phase3_wgs	WGS	GRCh38
NA19088	NA	EAS	1000g_phase3_wgs	WGS	GRCh38
NA19089	NA	EAS	1000g_phase3_wgs	WGS	GRCh38
NA19090	NA	EAS	1000g_phase3_wgs	WGS	GRCh38
NA19091	NA	EAS	1000g_phase3_wgs	WGS	GRCh38
NA19092	NA	AFR	1000g_phase3_wgs	WGS	GRCh38
NA19093	NA	AFR	1000g_phase3_wgs	WGS	GRCh38
NA19095	NA	AFR	1000g_phase3_wgs	WGS	GRCh38
NA19096	NA	AFR	1000g_phase3_wgs	WGS	GRCh38
NA19098	NA	AFR	1000g_phase3_wgs	WGS	GRCh38
NA19099	NA	AFR	1000g_phase3_wgs	WGS	GRCh38
NA19101	NA	AFR	1000g_phase3_wgs	WGS	GRCh38
NA19102	NA	AFR	1000g_phase3_wgs	WGS	GRCh38
NA19107	NA	AFR	1000g_phase3_wgs	WGS	GRCh38
NA19108	NA	AFR	1000g_phase3_wgs	WGS	GRCh38
NA19113	NA	AFR	1000g_phase3_wgs	WGS	GRCh38
NA19114	NA	AFR	1000g_phase3_wgs	WGS	GRCh38
NA19116	NA	AFR	1000g_phase3_wgs	WGS	GRCh38
NA19117	NA	AFR	1000g_phase3_wgs	WGS	GRCh38
NA19118	NA	AFR	1000g_phase3_wgs	WGS	GRCh38
NA19119	NA	AFR	1000g_phase3_wgs	WGS	GRCh38
NA19121	NA	AFR	1000g_phase3_wgs	WGS	GRCh38
NA19122	NA	AFR	1000g_phase3_wgs	WGS	GRCh38
NA19127	NA	AFR	1000g_phase3_wgs	WGS	GRCh38
NA19128	NA	AFR	1000g_phase3_wgs	WGS	GRCh38
NA19130	NA	AFR	1000g_phase3_wgs	WGS	GRCh38
NA19131	NA	AFR	1000g_phase3_wgs	WGS	GRCh38
NA19137	NA	AFR	1000g_phase3_wgs	WGS	GRCh38
NA19138	NA	AFR	1000g_phase3_wgs	WGS	GRCh38
NA19140	NA	AFR	1000g_phase3_wgs	WGS	GRCh38
NA19141	NA	AFR	1000g_phase3_wgs	WGS	GRCh38
NA19143	NA	AFR	1000g_phase3_wgs	WGS	GRCh38
NA19144	NA	AFR	1000g_phase3_wgs	WGS	GRCh38
NA19146	NA	AFR	1000g_phase3_wgs	WGS	GRCh38
NA19147	NA	AFR	1000g_phase3_wgs	WGS	GRCh38
NA19149	NA	AFR	1000g_phase3_wgs	WGS	GRCh38
NA19150	NA	AFR	1000g_phase3_wgs	WGS	GRCh38
NA19152	NA	AFR	1000g_phase3_wgs	WGS	GRCh38
NA19153	NA	AFR	1000g_phase3_wgs	WGS	GRCh38
NA19159	NA	AFR	1000g_phase3_wgs	WGS	GRCh38
NA19160	NA	AFR	1000g_phase3_wgs	WGS	GRCh38
NA19171	NA	AFR	1000g_phase3_wgs	WGS	GRCh38
NA19172	NA	AFR	1000g_phase3_wgs	WGS	GRCh38
NA19175	NA	AFR	1000g_phase3_wgs	WGS	GRCh38
NA19176	NA	AFR	1000g_phase3_wgs	WGS	GRCh38
NA19184	NA	AFR	1000g_phase3_wgs	WGS	GRCh38
NA19185	NA	AFR	1000g_phase3_wgs	WGS	GRCh38
NA19189	NA	AFR	1000g_phase3_wgs	WGS	GRCh38
NA19190	NA	AFR	1000g_phase3_wgs	WGS	GRCh38
NA19197	NA	AFR	1000g_phase3_wgs	WGS	GRCh38
NA19198	NA	AFR	1000g_phase3_wgs	WGS	GRCh38
NA19200	NA	AFR	1000g_phase3_wgs	WGS	GRCh38
NA19201	NA	AFR	1000g_phase3_wgs	WGS	GRCh38
NA19203	NA	AFR	1000g_phase3_wgs	WGS	GRCh38
NA19204	NA	AFR	1000g_phase3_wgs	WGS	GRCh38
NA19206	NA	AFR	1000g_phase3_wgs	WGS	GRCh38
NA19207	NA	AFR	1000g_phase3_wgs	WGS	GRCh38
NA19209	NA	AFR	1000g_phase3_wgs	WGS	GRCh38
NA19210	NA	AFR	1000g_phase3_wgs	WGS	GRCh38
NA19213	NA	AFR	1000g_phase3_wgs	WGS	GRCh38
NA19214	NA	AFR	1000g_phase3_wgs	WGS	GRCh38
NA19222	NA	AFR	1000g_phase3_wgs	WGS	GRCh38
NA19223	NA	AFR	1000g_phase3_wgs	WGS	GRCh38
NA19225	NA	AFR	1000g_phase3_wgs	WGS	GRCh38
NA19226	NA	AFR	1000g_phase3_wgs	WGS	GRCh38
NA19235	NA	AFR	1000g_phase3_wgs	WGS	GRCh38
NA19236	NA	AFR	1000g_phase3_wgs	WGS	GRCh38
NA19239	NA	AFR	1000g_phase3_wgs	WGS	GRCh38
NA19247	NA	AFR	1000g_phase3_wgs	WGS	GRCh38
NA19248	NA	AFR	1000g_phase3_wgs	WGS	GRCh38
NA19256	NA	AFR	1000g_phase3_wgs	WGS	GRCh38
NA19257	NA	AFR	1000g_phase3_wgs	WGS	GRCh38
NA19307	NA	AFR	1000g_phase3_wgs	WGS	GRCh38
NA19308	NA	AFR	1000g_phase3_wgs	WGS	GRCh38
NA19309	NA	AFR	1000g_phase3_wgs	WGS	GRCh38
NA19310	NA	AFR	1000g_phase3_wgs	WGS	GRCh38
NA19312	NA	AFR	1000g_phase3_wgs	WGS	GRCh38
NA19314	NA	AFR	1000g_phase3_wgs	WGS	GRCh38
NA19315	NA	AFR	1000g_phase3_wgs	WGS	GRCh38
NA19316	NA	AFR	1000g_phase3_wgs	WGS	GRCh38
NA19317	NA	AFR	1000g_phase3_wgs	WGS	GRCh38
NA19318	NA	AFR	1000g_phase3_wgs	WGS	GRCh38
NA19319	NA	AFR	1000g_phase3_wgs	WGS	GRCh38
NA19320	NA	AFR	1000g_phase3_wgs	WGS	GRCh38
NA19321	NA	AFR	1000g_phase3_wgs	WGS	GRCh38
NA19323	NA	AFR	1000g_phase3_wgs	WGS	GRCh38
NA19324	NA	AFR	1000g_phase3_wgs	WGS	GRCh38
NA19327	NA	AFR	1000g_phase3_wgs	WGS	GRCh38
NA19328	NA	AFR	1000g_phase3_wgs	WGS	GRCh38
NA19331	NA	AFR	1000g_phase3_wgs	WGS	GRCh38
NA19332	NA	AFR	1000g_phase3_wgs	WGS	GRCh38
NA19338	NA	AFR	1000g_phase3_wgs	WGS	GRCh38
NA19346	NA	AFR	1000g_phase3_wgs	WGS	GRCh38
NA19347	NA	AFR	1000g_phase3_wgs	WGS	GRCh38
NA19350	NA	AFR	1000g_phase3_wgs	WGS	GRCh38
NA19351	NA	AFR	1000g_phase3_wgs	WGS	GRCh38
NA19355	NA	AFR	1000g_phase3_wgs	WGS	GRCh38
NA19360	NA	AFR	1000g_phase3_wgs	WGS	GRCh38
NA19372	NA	AFR	1000g_phase3_wgs	WGS	GRCh38
NA19374	NA	AFR	1000g_phase3_wgs	WGS	GRCh38
NA19375	NA	AFR	1000g_phase3_wgs	WGS	GRCh38
NA19376	NA	AFR	1000g_phase3_wgs	WGS	GRCh38
NA19377	NA	AFR	1000g_phase3_wgs	WGS	GRCh38
NA19378	NA	AFR	1000g_phase3_wgs	WGS	GRCh38
NA19379	NA	AFR	1000g_phase3_wgs	WGS	GRCh38
NA19380	NA	AFR	1000g_phase3_wgs	WGS	GRCh38
NA19383	NA	AFR	1000g_phase3_wgs	WGS	GRCh38
NA19384	NA	AFR	1000g_phase3_wgs	WGS	GRCh38
NA19385	NA	AFR	1000g_phase3_wgs	WGS	GRCh38
NA19390	NA	AFR	1000g_phase3_wgs	WGS	GRCh38
NA19391	NA	AFR	1000g_phase3_wgs	WGS	GRCh38
NA19393	NA	AFR	1000g_phase3_wgs	WGS	GRCh38
NA19394	NA	AFR	1000g_phase3_wgs	WGS	GRCh38
NA19395	NA	AFR	1000g_phase3_wgs	WGS	GRCh38
NA19397	NA	AFR	1000g_phase3_wgs	WGS	GRCh38
NA19399	NA	AFR	1000g_phase3_wgs	WGS	GRCh38
NA19401	NA	AFR	1000g_phase3_wgs	WGS	GRCh38
NA19403	NA	AFR	1000g_phase3_wgs	WGS	GRCh38
NA19404	NA	AFR	1000g_phase3_wgs	WGS	GRCh38
NA19428	NA	AFR	1000g_phase3_wgs	WGS	GRCh38
NA19429	NA	AFR	1000g_phase3_wgs	WGS	GRCh38
NA19430	NA	AFR	1000g_phase3_wgs	WGS	GRCh38
NA19431	NA	AFR	1000g_phase3_wgs	WGS	GRCh38
NA19434	NA	AFR	1000g_phase3_wgs	WGS	GRCh38
NA19435	NA	AFR	1000g_phase3_wgs	WGS	GRCh38
NA19436	NA	AFR	1000g_phase3_wgs	WGS	GRCh38
NA19437	NA	AFR	1000g_phase3_wgs	WGS	GRCh38
NA19438	NA	AFR	1000g_phase3_wgs	WGS	GRCh38
NA19439	NA	AFR	1000g_phase3_wgs	WGS	GRCh38
NA19440	NA	AFR	1000g_phase3_wgs	WGS	GRCh38
NA19443	NA	AFR	1000g_phase3_wgs	WGS	GRCh38
NA19445	NA	AFR	1000g_phase3_wgs	WGS	GRCh38
NA19446	NA	AFR	1000g_phase3_wgs	WGS	GRCh38
NA19448	NA	AFR	1000g_phase3_wgs	WGS	GRCh38
NA19449	NA	AFR	1000g_phase3_wgs	WGS	GRCh38
NA19451	NA	AFR	1000g_phase3_wgs	WGS	GRCh38
NA19452	NA	AFR	1000g_phase3_wgs	WGS	GRCh38
NA19454	NA	AFR	1000g_phase3_wgs	WGS	GRCh38
NA19455	NA	AFR	1000g_phase3_wgs	WGS	GRCh38
NA19456	NA	AFR	1000g_phase3_wgs	WGS	GRCh38
NA19457	NA	AFR	1000g_phase3_wgs	WGS	GRCh38
NA19461	NA	AFR	1000g_phase3_wgs	WGS	GRCh38
NA19462	NA	AFR	1000g_phase3_wgs	WGS	GRCh38
NA19463	NA	AFR	1000g_phase3_wgs	WGS	GRCh38
NA19466	NA	AFR	1000g_phase3_wgs	WGS	GRCh38
NA19467	NA	AFR	1000g_phase3_wgs	WGS	GRCh38
NA19468	NA	AFR	1000g_phase3_wgs	WGS	GRCh38
NA19471	NA	AFR	1000g_phase3_wgs	WGS	GRCh38
NA19472	NA	AFR	1000g_phase3_wgs	WGS	GRCh38
NA19473	NA	AFR	1000g_phase3_wgs	WGS	GRCh38
NA19474	NA	AFR	1000g_phase3_wgs	WGS	GRCh38
NA19475	NA	AFR	1000g_phase3_wgs	WGS	GRCh38
NA19625	NA	AFR	1000g_phase3_wgs	WGS	GRCh38
NA19648	NA	AMR	1000g_phase3_wgs	WGS	GRCh38
NA19649	NA	AMR	1000g_phase3_wgs	WGS	GRCh38
NA19651	NA	AMR	1000g_phase3_wgs	WGS	GRCh38
NA19652	NA	AMR	1000g_phase3_wgs	WGS	GRCh38
NA19654	NA	AMR	1000g_phase3_wgs	WGS	GRCh38
NA19655	NA	AMR	1000g_phase3_wgs	WGS	GRCh38
NA19657	NA	AMR	1000g_phase3_wgs	WGS	GRCh38
NA19658	NA	AMR	1000g_phase3_wgs	WGS	GRCh38
NA19662	NA	AMR	1000g_phase3_wgs	WGS	GRCh38
NA19663	NA	AMR	1000g_phase3_wgs	WGS	GRCh38
NA19664	NA	AMR	1000g_phase3_wgs	WGS	GRCh38
NA19669	NA	AMR	1000g_phase3_wgs	WGS	GRCh38
NA19670	NA	AMR	1000g_phase3_wgs	WGS	GRCh38
NA19676	NA	AMR	1000g_phase3_wgs	WGS	GRCh38
NA19678	NA	AMR	1000g_phase3_wgs	WGS	GRCh38
NA19679	NA	AMR	1000g_phase3_wgs	WGS	GRCh38
NA19681	NA	AMR	1000g_phase3_wgs	WGS	GRCh38
NA19682	NA	AMR	1000g_phase3_wgs	WGS	GRCh38
NA19684	NA	AMR	1000g_phase3_wgs	WGS	GRCh38
NA19700	NA	AFR	1000g_phase3_wgs	WGS	GRCh38
NA19701	NA	AFR	1000g_phase3_wgs	WGS	GRCh38
NA19703	NA	AFR	1000g_phase3_wgs	WGS	GRCh38
NA19704	NA	AFR	1000g_phase3_wgs	WGS	GRCh38
NA19707	NA	AFR	1000g_phase3_wgs	WGS	GRCh38
NA19711	NA	AFR	1000g_phase3_wgs	WGS	GRCh38
NA19712	NA	AFR	1000g_phase3_wgs	WGS	GRCh38
NA19713	NA	AFR	1000g_phase3_wgs	WGS	GRCh38
NA19716	NA	AMR	1000g_phase3_wgs	WGS	GRCh38
NA19717	NA	AMR	1000g_phase3_wgs	WGS	GRCh38
NA19719	NA	AMR	1000g_phase3_wgs	WGS	GRCh38
NA19720	NA	AMR	1000g_phase3_wgs	WGS	GRCh38
NA19722	NA	AMR	1000g_phase3_wgs	WGS	GRCh38
NA19723	NA	AMR	1000g_phase3_wgs	WGS	GRCh38
NA19725	NA	AMR	1000g_phase3_wgs	WGS	GRCh38
NA19726	NA	AMR	1000g_phase3_wgs	WGS	GRCh38
NA19728	NA	AMR	1000g_phase3_wgs	WGS	GRCh38
NA19729	NA	AMR	1000g_phase3_wgs	WGS	GRCh38
NA19731	NA	AMR	1000g_phase3_wgs	WGS	GRCh38
NA19732	NA	AMR	1000g_phase3_wgs	WGS	GRCh38
NA19734	NA	AMR	1000g_phase3_wgs	WGS	GRCh38
NA19735	NA	AMR	1000g_phase3_wgs	WGS	GRCh38
NA19740	NA	AMR	1000g_phase3_wgs	WGS	GRCh38
NA19741	NA	AMR	1000g_phase3_wgs	WGS	GRCh38
NA19746	NA	AMR	1000g_phase3_wgs	WGS	GRCh38
NA19747	NA	AMR	1000g_phase3_wgs	WGS	GRCh38
NA19749	NA	AMR	1000g_phase3_wgs	WGS	GRCh38
NA19750	NA	AMR	1000g_phase3_wgs	WGS	GRCh38
NA19752	NA	AMR	1000g_phase3_wgs	WGS	GRCh38
NA19755	NA	AMR	1000g_phase3_wgs	WGS	GRCh38
NA19756	NA	AMR	1000g_phase3_wgs	WGS	GRCh38
NA19758	NA	AMR	1000g_phase3_wgs	WGS	GRCh38
NA19759	NA	AMR	1000g_phase3_wgs	WGS	GRCh38
NA19761	NA	AMR	1000g_phase3_wgs	WGS	GRCh38
NA19762	NA	AMR	1000g_phase3_wgs	WGS	GRCh38
NA19764	NA	AMR	1000g_phase3_wgs	WGS	GRCh38
NA19770	NA	AMR	1000g_phase3_wgs	WGS	GRCh38
NA19771	NA	AMR	1000g_phase3_wgs	WGS	GRCh38
NA19773	NA	AMR	1000g_phase3_wgs	WGS	GRCh38
NA19774	NA	AMR	1000g_phase3_wgs	WGS	GRCh38
NA19776	NA	AMR	1000g_phase3_wgs	WGS	GRCh38
NA19777	NA	AMR	1000g_phase3_wgs	WGS	GRCh38
NA19779	NA	AMR	1000g_phase3_wgs	WGS	GRCh38
NA19780	NA	AMR	1000g_phase3_wgs	WGS	GRCh38
NA19782	NA	AMR	1000g_phase3_wgs	WGS	GRCh38
NA19783	NA	AMR	1000g_phase3_wgs	WGS	GRCh38
NA19785	NA	AMR	1000g_phase3_wgs	WGS	GRCh38
NA19786	NA	AMR	1000g_phase3_wgs	WGS	GRCh38
NA19788	NA	AMR	1000g_phase3_wgs	WGS	GRCh38
NA19789	NA	AMR	1000g_phase3_wgs	WGS	GRCh38
NA19792	NA	AMR	1000g_phase3_wgs	WGS	GRCh38
NA19794	NA	AMR	1000g_phase3_wgs	WGS	GRCh38
NA19795	NA	AMR	1000g_phase3_wgs	WGS	GRCh38
NA19818	NA	AFR	1000g_phase3_wgs	WGS	GRCh38
NA19819	NA	AFR	1000g_phase3_wgs	WGS	GRCh38
NA19834	NA	AFR	1000g_phase3_wgs	WGS	GRCh38
NA19835	NA	AFR	1000g_phase3_wgs	WGS	GRCh38
NA19900	NA	AFR	1000g_phase3_wgs	WGS	GRCh38
NA19901	NA	AFR	1000g_phase3_wgs	WGS	GRCh38
NA19904	NA	AFR	1000g_phase3_wgs	WGS	GRCh38
NA19908	NA	AFR	1000g_phase3_wgs	WGS	GRCh38
NA19909	NA	AFR	1000g_phase3_wgs	WGS	GRCh38
NA19914	NA	AFR	1000g_phase3_wgs	WGS	GRCh38
NA19916	NA	AFR	1000g_phase3_wgs	WGS	GRCh38
NA19917	NA	AFR	1000g_phase3_wgs	WGS	GRCh38
NA19920	NA	AFR	1000g_phase3_wgs	WGS	GRCh38
NA19921	NA	AFR	1000g_phase3_wgs	WGS	GRCh38
NA19922	NA	AFR	1000g_phase3_wgs	WGS	GRCh38
NA19923	NA	AFR	1000g_phase3_wgs	WGS	GRCh38
NA19982	NA	AFR	1000g_phase3_wgs	WGS	GRCh38
NA19984	NA	AFR	1000g_phase3_wgs	WGS	GRCh38
NA20126	NA	AFR	1000g_phase3_wgs	WGS	GRCh38
NA20127	NA	AFR	1000g_phase3_wgs	WGS	GRCh38
NA20276	NA	AFR	1000g_phase3_wgs	WGS	GRCh38
NA20278	NA	AFR	1000g_phase3_wgs	WGS	GRCh38
NA20281	NA	AFR	1000g_phase3_wgs	WGS	GRCh38
NA20282	NA	AFR	1000g_phase3_wgs	WGS	GRCh38
NA20287	NA	AFR	1000g_phase3_wgs	WGS	GRCh38
NA20289	NA	AFR	1000g_phase3_wgs	WGS	GRCh38
NA20291	NA	AFR	1000g_phase3_wgs	WGS	GRCh38
NA20294	NA	AFR	1000g_phase3_wgs	WGS	GRCh38
NA20296	NA	AFR	1000g_phase3_wgs	WGS	GRCh38
NA20298	NA	AFR	1000g_phase3_wgs	WGS	GRCh38
NA20299	NA	AFR	1000g_phase3_wgs	WGS	GRCh38
NA20314	NA	AFR	1000g_phase3_wgs	WGS	GRCh38
NA20317	NA	AFR	1000g_phase3_wgs	WGS	GRCh38
NA20320	NA	AFR	1000g_phase3_wgs	WGS	GRCh38
NA20332	NA	AFR	1000g_phase3_wgs	WGS	GRCh38
NA20334	NA	AFR	1000g_phase3_wgs	WGS	GRCh38
NA20339	NA	AFR	1000g_phase3_wgs	WGS	GRCh38
NA20340	NA	AFR	1000g_phase3_wgs	WGS	GRCh38
NA20342	NA	AFR	1000g_phase3_wgs	WGS	GRCh38
NA20346	NA	AFR	1000g_phase3_wgs	WGS	GRCh38
NA20348	NA	AFR	1000g_phase3_wgs	WGS	GRCh38
NA20351	NA	AFR	1000g_phase3_wgs	WGS	GRCh38
NA20356	NA	AFR	1000g_phase3_wgs	WGS	GRCh38
NA20357	NA	AFR	1000g_phase3_wgs	WGS	GRCh38
NA20359	NA	AFR	1000g_phase3_wgs	WGS	GRCh38
NA20412	NA	AFR	1000g_phase3_wgs	WGS	GRCh38
NA20502	NA	EUR	1000g_phase3_wgs	WGS	GRCh38
NA20503	NA	EUR	1000g_phase3_wgs	WGS	GRCh38
NA20504	NA	EUR	1000g_phase3_wgs	WGS	GRCh38
NA20505	NA	EUR	1000g_phase3_wgs	WGS	GRCh38
NA20506	NA	EUR	1000g_phase3_wgs	WGS	GRCh38
NA20507	NA	EUR	1000g_phase3_wgs	WGS	GRCh38
NA20508	NA	EUR	1000g_phase3_wgs	WGS	GRCh38
NA20509	NA	EUR	1000g_phase3_wgs	WGS	GRCh38
NA20510	NA	EUR	1000g_phase3_wgs	WGS	GRCh38
NA20511	NA	EUR	1000g_phase3_wgs	WGS	GRCh38
NA20512	NA	EUR	1000g_phase3_wgs	WGS	GRCh38
NA20513	NA	EUR	1000g_phase3_wgs	WGS	GRCh38
NA20514	NA	EUR	1000g_phase3_wgs	WGS	GRCh38
NA20515	NA	EUR	1000g_phase3_wgs	WGS	GRCh38
NA20516	NA	EUR	1000g_phase3_wgs	WGS	GRCh38
NA20517	NA	EUR	1000g_phase3_wgs	WGS	GRCh38
NA20518	NA	EUR	1000g_phase3_wgs	WGS	GRCh38
NA20519	NA	EUR	1000g_phase3_wgs	WGS	GRCh38
NA20520	NA	EUR	1000g_phase3_wgs	WGS	GRCh38
NA20521	NA	EUR	1000g_phase3_wgs	WGS	GRCh38
NA20522	NA	EUR	1000g_phase3_wgs	WGS	GRCh38
NA20524	NA	EUR	1000g_phase3_wgs	WGS	GRCh38
NA20525	NA	EUR	1000g_phase3_wgs	WGS	GRCh38
NA20527	NA	EUR	1000g_phase3_wgs	WGS	GRCh38
NA20528	NA	EUR	1000g_phase3_wgs	WGS	GRCh38
NA20529	NA	EUR	1000g_phase3_wgs	WGS	GRCh38
NA20530	NA	EUR	1000g_phase3_wgs	WGS	GRCh38
NA20531	NA	EUR	1000g_phase3_wgs	WGS	GRCh38
NA20532	NA	EUR	1000g_phase3_wgs	WGS	GRCh38
NA20533	NA	EUR	1000g_phase3_wgs	WGS	GRCh38
NA20534	NA	EUR	1000g_phase3_wgs	WGS	GRCh38
NA20535	NA	EUR	1000g_phase3_wgs	WGS	GRCh38
NA20536	NA	EUR	1000g_phase3_wgs	WGS	GRCh38
NA20538	NA	EUR	1000g_phase3_wgs	WGS	GRCh38
NA20539	NA	EUR	1000g_phase3_wgs	WGS	GRCh38
NA20540	NA	EUR	1000g_phase3_wgs	WGS	GRCh38
NA20541	NA	EUR	1000g_phase3_wgs	WGS	GRCh38
NA20542	NA	EUR	1000g_phase3_wgs	WGS	GRCh38
NA20543	NA	EUR	1000g_phase3_wgs	WGS	GRCh38
NA20544	NA	EUR	1000g_phase3_wgs	WGS	GRCh38
NA20581	NA	EUR	1000g_phase3_wgs	WGS	GRCh38
NA20582	NA	EUR	1000g_phase3_wgs	WGS	GRCh38
NA20585	NA	EUR	1000g_phase3_wgs	WGS	GRCh38
NA20586	NA	EUR	1000g_phase3_wgs	WGS	GRCh38
NA20587	NA	EUR	1000g_phase3_wgs	WGS	GRCh38
NA20588	NA	EUR	1000g_phase3_wgs	WGS	GRCh38
NA20589	NA	EUR	1000g_phase3_wgs	WGS	GRCh38
NA20752	NA	EUR	1000g_phase3_wgs	WGS	GRCh38
NA20753	NA	EUR	1000g_phase3_wgs	WGS	GRCh38
NA20754	NA	EUR	1000g_phase3_wgs	WGS	GRCh38
NA20755	NA	EUR	1000g_phase3_wgs	WGS	GRCh38
NA20756	NA	EUR	1000g_phase3_wgs	WGS	GRCh38
NA20757	NA	EUR	1000g_phase3_wgs	WGS	GRCh38
NA20758	NA	EUR	1000g_phase3_wgs	WGS	GRCh38
NA20759	NA	EUR	1000g_phase3_wgs	WGS	GRCh38
NA20760	NA	EUR	1000g_phase3_wgs	WGS	GRCh38
NA20761	NA	EUR	1000g_phase3_wgs	WGS	GRCh38
NA20762	NA	EUR	1000g_phase3_wgs	WGS	GRCh38
NA20763	NA	EUR	1000g_phase3_wgs	WGS	GRCh38
NA20764	NA	EUR	1000g_phase3_wgs	WGS	GRCh38
NA20765	NA	EUR	1000g_phase3_wgs	WGS	GRCh38
NA20766	NA	EUR	1000g_phase3_wgs	WGS	GRCh38
NA20767	NA	EUR	1000g_phase3_wgs	WGS	GRCh38
NA20768	NA	EUR	1000g_phase3_wgs	WGS	GRCh38
NA20769	NA	EUR	1000g_phase3_wgs	WGS	GRCh38
NA20770	NA	EUR	1000g_phase3_wgs	WGS	GRCh38
NA20771	NA	EUR	1000g_phase3_wgs	WGS	GRCh38
NA20772	NA	EUR	1000g_phase3_wgs	WGS	GRCh38
NA20773	NA	EUR	1000g_phase3_wgs	WGS	GRCh38
NA20774	NA	EUR	1000g_phase3_wgs	WGS	GRCh38
NA20775	NA	EUR	1000g_phase3_wgs	WGS	GRCh38
NA20778	NA	EUR	1000g_phase3_wgs	WGS	GRCh38
NA20783	NA	EUR	1000g_phase3_wgs	WGS	GRCh38
NA20785	NA	EUR	1000g_phase3_wgs	WGS	GRCh38
NA20786	NA	EUR	1000g_phase3_wgs	WGS	GRCh38
NA20787	NA	EUR	1000g_phase3_wgs	WGS	GRCh38
NA20790	NA	EUR	1000g_phase3_wgs	WGS	GRCh38
NA20792	NA	EUR	1000g_phase3_wgs	WGS	GRCh38
NA20795	NA	EUR	1000g_phase3_wgs	WGS	GRCh38
NA20796	NA	EUR	1000g_phase3_wgs	WGS	GRCh38
NA20797	NA	EUR	1000g_phase3_wgs	WGS	GRCh38
NA20798	NA	EUR	1000g_phase3_wgs	WGS	GRCh38
NA20799	NA	EUR	1000g_phase3_wgs	WGS	GRCh38
NA20800	NA	EUR	1000g_phase3_wgs	WGS	GRCh38
NA20801	NA	EUR	1000g_phase3_wgs	WGS	GRCh38
NA20802	NA	EUR	1000g_phase3_wgs	WGS	GRCh38
NA20803	NA	EUR	1000g_phase3_wgs	WGS	GRCh38
NA20804	NA	EUR	1000g_phase3_wgs	WGS	GRCh38
NA20805	NA	EUR	1000g_phase3_wgs	WGS	GRCh38
NA20806	NA	EUR	1000g_phase3_wgs	WGS	GRCh38
NA20807	NA	EUR	1000g_phase3_wgs	WGS	GRCh38
NA20808	NA	EUR	1000g_phase3_wgs	WGS	GRCh38
NA20809	NA	EUR	1000g_phase3_wgs	WGS	GRCh38
NA20810	NA	EUR	1000g_phase3_wgs	WGS	GRCh38
NA20811	NA	EUR	1000g_phase3_wgs	WGS	GRCh38
NA20812	NA	EUR	1000g_phase3_wgs	WGS	GRCh38
NA20813	NA	EUR	1000g_phase3_wgs	WGS	GRCh38
NA20814	NA	EUR	1000g_phase3_wgs	WGS	GRCh38
NA20815	NA	EUR	1000g_phase3_wgs	WGS	GRCh38
NA20818	NA	EUR	1000g_phase3_wgs	WGS	GRCh38
NA20819	NA	EUR	1000g_phase3_wgs	WGS	GRCh38
NA20821	NA	EUR	1000g_phase3_wgs	WGS	GRCh38
NA20822	NA	EUR	1000g_phase3_wgs	WGS	GRCh38
NA20826	NA	EUR	1000g_phase3_wgs	WGS	GRCh38
NA20827	NA	EUR	1000g_phase3_wgs	WGS	GRCh38
NA20828	NA	EUR	1000g_phase3_wgs	WGS	GRCh38
NA20832	NA	EUR	1000g_phase3_wgs	WGS	GRCh38
NA20845	NA	SAS	1000g_phase3_wgs	WGS	GRCh38
NA20846	NA	SAS	1000g_phase3_wgs	WGS	GRCh38
NA20847	NA	SAS	1000g_phase3_wgs	WGS	GRCh38
NA20849	NA	SAS	1000g_phase3_wgs	WGS	GRCh38
NA20850	NA	SAS	1000g_phase3_wgs	WGS	GRCh38
NA20851	NA	SAS	1000g_phase3_wgs	WGS	GRCh38
NA20852	NA	SAS	1000g_phase3_wgs	WGS	GRCh38
NA20853	NA	SAS	1000g_phase3_wgs	WGS	GRCh38
NA20854	NA	SAS	1000g_phase3_wgs	WGS	GRCh38
NA20856	NA	SAS	1000g_phase3_wgs	WGS	GRCh38
NA20858	NA	SAS	1000g_phase3_wgs	WGS	GRCh38
NA20859	NA	SAS	1000g_phase3_wgs	WGS	GRCh38
NA20861	NA	SAS	1000g_phase3_wgs	WGS	GRCh38
NA20862	NA	SAS	1000g_phase3_wgs	WGS	GRCh38
NA20863	NA	SAS	1000g_phase3_wgs	WGS	GRCh38
NA20864	NA	SAS	1000g_phase3_wgs	WGS	GRCh38
NA20866	NA	SAS	1000g_phase3_wgs	WGS	GRCh38
NA20867	NA	SAS	1000g_phase3_wgs	WGS	GRCh38
NA20868	NA	SAS	1000g_phase3_wgs	WGS	GRCh38
NA20869	NA	SAS	1000g_phase3_wgs	WGS	GRCh38
NA20870	NA	SAS	1000g_phase3_wgs	WGS	GRCh38
NA20872	NA	SAS	1000g_phase3_wgs	WGS	GRCh38
NA20874	NA	SAS	1000g_phase3_wgs	WGS	GRCh38
NA20875	NA	SAS	1000g_phase3_wgs	WGS	GRCh38
NA20876	NA	SAS	1000g_phase3_wgs	WGS	GRCh38
NA20877	NA	SAS	1000g_phase3_wgs	WGS	GRCh38
NA20878	NA	SAS	1000g_phase3_wgs	WGS	GRCh38
NA20881	NA	SAS	1000g_phase3_wgs	WGS	GRCh38
NA20882	NA	SAS	1000g_phase3_wgs	WGS	GRCh38
NA20884	NA	SAS	1000g_phase3_wgs	WGS	GRCh38
NA20885	NA	SAS	1000g_phase3_wgs	WGS	GRCh38
NA20886	NA	SAS	1000g_phase3_wgs	WGS	GRCh38
NA20887	NA	SAS	1000g_phase3_wgs	WGS	GRCh38
NA20888	NA	SAS	1000g_phase3_wgs	WGS	GRCh38
NA20889	NA	SAS	1000g_phase3_wgs	WGS	GRCh38
NA20890	NA	SAS	1000g_phase3_wgs	WGS	GRCh38
NA20891	NA	SAS	1000g_phase3_wgs	WGS	GRCh38
NA20892	NA	SAS	1000g_phase3_wgs	WGS	GRCh38
NA20894	NA	SAS	1000g_phase3_wgs	WGS	GRCh38
NA20895	NA	SAS	1000g_phase3_wgs	WGS	GRCh38
NA20896	NA	SAS	1000g_phase3_wgs	WGS	GRCh38
NA20897	NA	SAS	1000g_phase3_wgs	WGS	GRCh38
NA20899	NA	SAS	1000g_phase3_wgs	WGS	GRCh38
NA20901	NA	SAS	1000g_phase3_wgs	WGS	GRCh38
NA20902	NA	SAS	1000g_phase3_wgs	WGS	GRCh38
NA20903	NA	SAS	1000g_phase3_wgs	WGS	GRCh38
NA20904	NA	SAS	1000g_phase3_wgs	WGS	GRCh38
NA20905	NA	SAS	1000g_phase3_wgs	WGS	GRCh38
NA20906	NA	SAS	1000g_phase3_wgs	WGS	GRCh38
NA20908	NA	SAS	1000g_phase3_wgs	WGS	GRCh38
NA20910	NA	SAS	1000g_phase3_wgs	WGS	GRCh38
NA20911	NA	SAS	1000g_phase3_wgs	WGS	GRCh38
NA21086	NA	SAS	1000g_phase3_wgs	WGS	GRCh38
NA21087	NA	SAS	1000g_phase3_wgs	WGS	GRCh38
NA21088	NA	SAS	1000g_phase3_wgs	WGS	GRCh38
NA21089	NA	SAS	1000g_phase3_wgs	WGS	GRCh38
NA21090	NA	SAS	1000g_phase3_wgs	WGS	GRCh38
NA21091	NA	SAS	1000g_phase3_wgs	WGS	GRCh38
NA21092	NA	SAS	1000g_phase3_wgs	WGS	GRCh38
NA21093	NA	SAS	1000g_phase3_wgs	WGS	GRCh38
NA21094	NA	SAS	1000g_phase3_wgs	WGS	GRCh38
NA21095	NA	SAS	1000g_phase3_wgs	WGS	GRCh38
NA21097	NA	SAS	1000g_phase3_wgs	WGS	GRCh38
NA21098	NA	SAS	1000g_phase3_wgs	WGS	GRCh38
NA21099	NA	SAS	1000g_phase3_wgs	WGS	GRCh38
NA21100	NA	SAS	1000g_phase3_wgs	WGS	GRCh38
NA21101	NA	SAS	1000g_phase3_wgs	WGS	GRCh38
NA21102	NA	SAS	1000g_phase3_wgs	WGS	GRCh38
NA21103	NA	SAS	1000g_phase3_wgs	WGS	GRCh38
NA21104	NA	SAS	1000g_phase3_wgs	WGS	GRCh38
NA21105	NA	SAS	1000g_phase3_wgs	WGS	GRCh38
NA21106	NA	SAS	1000g_phase3_wgs	WGS	GRCh38
NA21107	NA	SAS	1000g_phase3_wgs	WGS	GRCh38
NA21108	NA	SAS	1000g_phase3_wgs	WGS	GRCh38
NA21109	NA	SAS	1000g_phase3_wgs	WGS	GRCh38
NA21110	NA	SAS	1000g_phase3_wgs	WGS	GRCh38
NA21111	NA	SAS	1000g_phase3_wgs	WGS	GRCh38
NA21112	NA	SAS	1000g_phase3_wgs	WGS	GRCh38
NA21113	NA	SAS	1000g_phase3_wgs	WGS	GRCh38
NA21114	NA	SAS	1000g_phase3_wgs	WGS	GRCh38
NA21115	NA	SAS	1000g_phase3_wgs	WGS	GRCh38
NA21116	NA	SAS	1000g_phase3_wgs	WGS	GRCh38
NA21117	NA	SAS	1000g_phase3_wgs	WGS	GRCh38
NA21118	NA	SAS	1000g_phase3_wgs	WGS	GRCh38
NA21119	NA	SAS	1000g_phase3_wgs	WGS	GRCh38
NA21120	NA	SAS	1000g_phase3_wgs	WGS	GRCh38
NA21122	NA	SAS	1000g_phase3_wgs	WGS	GRCh38
NA21123	NA	SAS	1000g_phase3_wgs	WGS	GRCh38
NA21124	NA	SAS	1000g_phase3_wgs	WGS	GRCh38
NA21125	NA	SAS	1000g_phase3_wgs	WGS	GRCh38
NA21126	NA	SAS	1000g_phase3_wgs	WGS	GRCh38
NA21127	NA	SAS	1000g_phase3_wgs	WGS	GRCh38
NA21128	NA	SAS	1000g_phase3_wgs	WGS	GRCh38
NA21129	NA	SAS	1000g_phase3_wgs	WGS	GRCh38
NA21130	NA	SAS	1000g_phase3_wgs	WGS	GRCh38
NA21133	NA	SAS	1000g_phase3_wgs	WGS	GRCh38
NA21137	NA	SAS	1000g_phase3_wgs	WGS	GRCh38
NA21141	NA	SAS	1000g_phase3_wgs	WGS	GRCh38
NA21142	NA	SAS	1000g_phase3_wgs	WGS	GRCh38
NA21143	NA	SAS	1000g_phase3_wgs	WGS	GRCh38
NA21144	NA	SAS	1000g_phase3_wgs	WGS	GRCh38
IID	FID	SUPERPOP	DATASET	ASSAY	BUILD
HGDP01201	NA	AFR	hgdp_highcov_wgs	WGS	GRCh38
HGDP00479	NA	AFR	hgdp_highcov_wgs	WGS	GRCh38
HGDP01408	NA	AFR	hgdp_highcov_wgs	WGS	GRCh38
HGDP00471	NA	AFR	hgdp_highcov_wgs	WGS	GRCh38
HGDP01411	NA	AFR	hgdp_highcov_wgs	WGS	GRCh38
HGDP00937	NA	AFR	hgdp_highcov_wgs	WGS	GRCh38
HGDP01189	NA	EAS	hgdp_highcov_wgs	WGS	GRCh38
HGDP01094	NA	AFR	hgdp_highcov_wgs	WGS	GRCh38
HGDP00469	NA	AFR	hgdp_highcov_wgs	WGS	GRCh38
HGDP00475	NA	AFR	hgdp_highcov_wgs	WGS	GRCh38
HGDP01368	NA	GLOBAL	hgdp_highcov_wgs	WGS	GRCh38
HGDP00473	NA	AFR	hgdp_highcov_wgs	WGS	GRCh38
HGDP01405	NA	AFR	hgdp_highcov_wgs	WGS	GRCh38
HGDP00470	NA	AFR	hgdp_highcov_wgs	WGS	GRCh38
HGDP00458	NA	AFR	hgdp_highcov_wgs	WGS	GRCh38
HGDP00904	NA	AFR	hgdp_highcov_wgs	WGS	GRCh38
HGDP01200	NA	AFR	hgdp_highcov_wgs	WGS	GRCh38
HGDP00452	NA	AFR	hgdp_highcov_wgs	WGS	GRCh38
HGDP00459	NA	AFR	hgdp_highcov_wgs	WGS	GRCh38
HGDP00914	NA	AFR	hgdp_highcov_wgs	WGS	GRCh38
HGDP00942	NA	AFR	hgdp_highcov_wgs	WGS	GRCh38
HGDP01031	NA	AFR	hgdp_highcov_wgs	WGS	GRCh38
HGDP00944	NA	AFR	hgdp_highcov_wgs	WGS	GRCh38
HGDP01406	NA	AFR	hgdp_highcov_wgs	WGS	GRCh38
HGDP01216	NA	EAS	hgdp_highcov_wgs	WGS	GRCh38
HGDP00907	NA	AFR	hgdp_highcov_wgs	WGS	GRCh38
HGDP01202	NA	AFR	hgdp_highcov_wgs	WGS	GRCh38
HGDP00908	NA	AFR	hgdp_highcov_wgs	WGS	GRCh38
HGDP00940	NA	AFR	hgdp_highcov_wgs	WGS	GRCh38
HGDP00911	NA	AFR	hgdp_highcov_wgs	WGS	GRCh38
HGDP00464	NA	AFR	hgdp_highcov_wgs	WGS	GRCh38
HGDP00929	NA	AFR	hgdp_highcov_wgs	WGS	GRCh38
HGDP00986	NA	AFR	hgdp_highcov_wgs	WGS	GRCh38
HGDP01244	NA	EAS	hgdp_highcov_wgs	WGS	GRCh38
HGDP00941	NA	AFR	hgdp_highcov_wgs	WGS	GRCh38
HGDP00934	NA	AFR	hgdp_highcov_wgs	WGS	GRCh38
HGDP00462	NA	AFR	hgdp_highcov_wgs	WGS	GRCh38
HGDP00453	NA	AFR	hgdp_highcov_wgs	WGS	GRCh38
HGDP00935	NA	AFR	hgdp_highcov_wgs	WGS	GRCh38
HGDP00943	NA	AFR	hgdp_highcov_wgs	WGS	GRCh38
HGDP01412	NA	AFR	hgdp_highcov_wgs	WGS	GRCh38
HGDP01243	NA	EAS	hgdp_highcov_wgs	WGS	GRCh38
HGDP01299	NA	GLOBAL	hgdp_highcov_wgs	WGS	GRCh38
HGDP00845	NA	AMR	hgdp_highcov_wgs	WGS	GRCh38
HGDP00994	NA	AFR	hgdp_highcov_wgs	WGS	GRCh38
HGDP01283	NA	AFR	hgdp_highcov_wgs	WGS	GRCh38
HGDP00993	NA	AFR	hgdp_highcov_wgs	WGS	GRCh38
HGDP00918	NA	AFR	hgdp_highcov_wgs	WGS	GRCh38
HGDP00985	NA	AFR	hgdp_highcov_wgs	WGS	GRCh38
HGDP00910	NA	AFR	hgdp_highcov_wgs	WGS	GRCh38
HGDP00135	NA	SAS	hgdp_highcov_wgs	WGS	GRCh38
HGDP00214	NA	SAS	hgdp_highcov_wgs	WGS	GRCh38
HGDP00655	NA	GLOBAL	hgdp_highcov_wgs	WGS	GRCh38
HGDP01096	NA	EAS	hgdp_highcov_wgs	WGS	GRCh38
HGDP00472	NA	AFR	hgdp_highcov_wgs	WGS	GRCh38
HGDP00450	NA	AFR	hgdp_highcov_wgs	WGS	GRCh38
HGDP00905	NA	AFR	hgdp_highcov_wgs	WGS	GRCh38
HGDP01298	NA	SAS	hgdp_highcov_wgs	WGS	GRCh38
HGDP00715	NA	GLOBAL	hgdp_highcov_wgs	WGS	GRCh38
HGDP00711	NA	EAS	hgdp_highcov_wgs	WGS	GRCh38
HGDP00103	NA	SAS	hgdp_highcov_wgs	WGS	GRCh38
HGDP00359	NA	SAS	hgdp_highcov_wgs	WGS	GRCh38
HGDP00788	NA	GLOBAL	hgdp_highcov_wgs	WGS	GRCh38
HGDP00136	NA	SAS	hgdp_highcov_wgs	WGS	GRCh38
HGDP00541	NA	GLOBAL	hgdp_highcov_wgs	WGS	GRCh38
HGDP01285	NA	AFR	hgdp_highcov_wgs	WGS	GRCh38
HGDP00491	NA	GLOBAL	hgdp_highcov_wgs	WGS	GRCh38
HGDP00105	NA	SAS	hgdp_highcov_wgs	WGS	GRCh38
HGDP00127	NA	SAS	hgdp_highcov_wgs	WGS	GRCh38
HGDP00547	NA	GLOBAL	hgdp_highcov_wgs	WGS	GRCh38
HGDP00463	NA	AFR	hgdp_highcov_wgs	WGS	GRCh38
HGDP00703	NA	AMR	hgdp_highcov_wgs	WGS	GRCh38
HGDP00580	NA	GLOBAL	hgdp_highcov_wgs	WGS	GRCh38
HGDP00130	NA	SAS	hgdp_highcov_wgs	WGS	GRCh38
HGDP00167	NA	SAS	hgdp_highcov_wgs	WGS	GRCh38
HGDP00576	NA	GLOBAL	hgdp_highcov_wgs	WGS	GRCh38
HGDP01385	NA	EUR	hgdp_highcov_wgs	WGS	GRCh38
HGDP00662	NA	GLOBAL	hgdp_highcov_wgs	WGS	GRCh38
HGDP00948	NA	EAS	hgdp_highcov_wgs	WGS	GRCh38
HGDP00005	NA	SAS	hgdp_highcov_wgs	WGS	GRCh38
HGDP00163	NA	SAS	hgdp_highcov_wgs	WGS	GRCh38
HGDP00346	NA	SAS	hgdp_highcov_wgs	WGS	GRCh38
HGDP00609	NA	GLOBAL	hgdp_highcov_wgs	WGS	GRCh38
HGDP01257	NA	GLOBAL	hgdp_highcov_wgs	WGS	GRCh38
HGDP00608	NA	GLOBAL	hgdp_highcov_wgs	WGS	GRCh38
HGDP00544	NA	GLOBAL	hgdp_highcov_wgs	WGS	GRCh38
HGDP00714	NA	EAS	hgdp_highcov_wgs	WGS	GRCh38
HGDP00057	NA	SAS	hgdp_highcov_wgs	WGS	GRCh38
HGDP00213	NA	SAS	hgdp_highcov_wgs	WGS	GRCh38
HGDP00165	NA	SAS	hgdp_highcov_wgs	WGS	GRCh38
HGDP01300	NA	SAS	hgdp_highcov_wgs	WGS	GRCh38
HGDP00931	NA	AFR	hgdp_highcov_wgs	WGS	GRCh38
HGDP00466	NA	AFR	hgdp_highcov_wgs	WGS	GRCh38
HGDP00279	NA	SAS	hgdp_highcov_wgs	WGS	GRCh38
HGDP00945	NA	EAS	hgdp_highcov_wgs	WGS	GRCh38
HGDP00056	NA	SAS	hgdp_highcov_wgs	WGS	GRCh38
HGDP01050	NA	AMR	hgdp_highcov_wgs	WGS	GRCh38
HGDP00288	NA	SAS	hgdp_highcov_wgs	WGS	GRCh38
HGDP00562	NA	GLOBAL	hgdp_highcov_wgs	WGS	GRCh38
HGDP01396	NA	EUR	hgdp_highcov_wgs	WGS	GRCh38
HGDP01009	NA	AMR	hgdp_highcov_wgs	WGS	GRCh38
HGDP01383	NA	EUR	hgdp_highcov_wgs	WGS	GRCh38
HGDP00341	NA	SAS	hgdp_highcov_wgs	WGS	GRCh38
HGDP01013	NA	AMR	hgdp_highcov_wgs	WGS	GRCh38
HGDP00543	NA	GLOBAL	hgdp_highcov_wgs	WGS	GRCh38
HGDP00947	NA	EAS	hgdp_highcov_wgs	WGS	GRCh38
HGDP00723	NA	GLOBAL	hgdp_highcov_wgs	WGS	GRCh38
HGDP00467	NA	AFR	hgdp_highcov_wgs	WGS	GRCh38
HGDP00545	NA	GLOBAL	hgdp_highcov_wgs	WGS	GRCh38
HGDP00610	NA	GLOBAL	hgdp_highcov_wgs	WGS	GRCh38
HGDP00001	NA	SAS	hgdp_highcov_wgs	WGS	GRCh38
HGDP00218	NA	SAS	hgdp_highcov_wgs	WGS	GRCh38
HGDP00933	NA	AFR	hgdp_highcov_wgs	WGS	GRCh38
HGDP00856	NA	AMR	hgdp_highcov_wgs	WGS	GRCh38
HGDP00062	NA	SAS	hgdp_highcov_wgs	WGS	GRCh38
HGDP01086	NA	AFR	hgdp_highcov_wgs	WGS	GRCh38
HGDP00710	NA	AMR	hgdp_highcov_wgs	WGS	GRCh38
HGDP01192	NA	EAS	hgdp_highcov_wgs	WGS	GRCh38
HGDP00009	NA	SAS	hgdp_highcov_wgs	WGS	GRCh38
HGDP00924	NA	AFR	hgdp_highcov_wgs	WGS	GRCh38
HGDP00550	NA	GLOBAL	hgdp_highcov_wgs	WGS	GRCh38
HGDP00920	NA	AFR	hgdp_highcov_wgs	WGS	GRCh38
HGDP01225	NA	EAS	hgdp_highcov_wgs	WGS	GRCh38
HGDP00925	NA	AFR	hgdp_highcov_wgs	WGS	GRCh38
HGDP00938	NA	AFR	hgdp_highcov_wgs	WGS	GRCh38
HGDP00478	NA	AFR	hgdp_highcov_wgs	WGS	GRCh38
HGDP00939	NA	AFR	hgdp_highcov_wgs	WGS	GRCh38
HGDP01256	NA	GLOBAL	hgdp_highcov_wgs	WGS	GRCh38
HGDP00724	NA	GLOBAL	hgdp_highcov_wgs	WGS	GRCh38
HGDP00726	NA	GLOBAL	hgdp_highcov_wgs	WGS	GRCh38
HGDP00837	NA	AMR	hgdp_highcov_wgs	WGS	GRCh38
HGDP01190	NA	EAS	hgdp_highcov_wgs	WGS	GRCh38
HGDP00555	NA	GLOBAL	hgdp_highcov_wgs	WGS	GRCh38
HGDP01029	NA	AFR	hgdp_highcov_wgs	WGS	GRCh38
HGDP00118	NA	SAS	hgdp_highcov_wgs	WGS	GRCh38
HGDP01081	NA	AFR	hgdp_highcov_wgs	WGS	GRCh38
HGDP01415	NA	AFR	hgdp_highcov_wgs	WGS	GRCh38
HGDP01043	NA	AMR	hgdp_highcov_wgs	WGS	GRCh38
HGDP00843	NA	AMR	hgdp_highcov_wgs	WGS	GRCh38
HGDP01419	NA	AFR	hgdp_highcov_wgs	WGS	GRCh38
HGDP00992	NA	AFR	hgdp_highcov_wgs	WGS	GRCh38
HGDP00877	NA	AMR	hgdp_highcov_wgs	WGS	GRCh38
HGDP00781	NA	EAS	hgdp_highcov_wgs	WGS	GRCh38
HGDP00926	NA	AFR	hgdp_highcov_wgs	WGS	GRCh38
HGDP00782	NA	EAS	hgdp_highcov_wgs	WGS	GRCh38
HGDP01255	NA	GLOBAL	hgdp_highcov_wgs	WGS	GRCh38
HGDP00460	NA	AFR	hgdp_highcov_wgs	WGS	GRCh38
HGDP01245	NA	EAS	hgdp_highcov_wgs	WGS	GRCh38
HGDP01037	NA	AMR	hgdp_highcov_wgs	WGS	GRCh38
HGDP00930	NA	AFR	hgdp_highcov_wgs	WGS	GRCh38
HGDP00820	NA	EAS	hgdp_highcov_wgs	WGS	GRCh38
HGDP01214	NA	EAS	hgdp_highcov_wgs	WGS	GRCh38
HGDP00319	NA	SAS	hgdp_highcov_wgs	WGS	GRCh38
HGDP01186	NA	EAS	hgdp_highcov_wgs	WGS	GRCh38
HGDP01310	NA	EAS	hgdp_highcov_wgs	WGS	GRCh38
HGDP00821	NA	EAS	hgdp_highcov_wgs	WGS	GRCh38
HGDP00777	NA	EAS	hgdp_highcov_wgs	WGS	GRCh38
HGDP00984	NA	AFR	hgdp_highcov_wgs	WGS	GRCh38
HGDP01327	NA	EAS	hgdp_highcov_wgs	WGS	GRCh38
HGDP01099	NA	EAS	hgdp_highcov_wgs	WGS	GRCh38
HGDP01416	NA	AFR	hgdp_highcov_wgs	WGS	GRCh38
HGDP00972	NA	EAS	hgdp_highcov_wgs	WGS	GRCh38
HGDP01313	NA	EAS	hgdp_highcov_wgs	WGS	GRCh38
HGDP00813	NA	EAS	hgdp_highcov_wgs	WGS	GRCh38
HGDP00814	NA	EAS	hgdp_highcov_wgs	WGS	GRCh38
HGDP00971	NA	EAS	hgdp_highcov_wgs	WGS	GRCh38
HGDP01296	NA	EAS	hgdp_highcov_wgs	WGS	GRCh38
HGDP01330	NA	EAS	hgdp_highcov_wgs	WGS	GRCh38
HGDP00812	NA	EAS	hgdp_highcov_wgs	WGS	GRCh38
HGDP01213	NA	EAS	hgdp_highcov_wgs	WGS	GRCh38
HGDP01340	NA	EAS	hgdp_highcov_wgs	WGS	GRCh38
HGDP00811	NA	EAS	hgdp_highcov_wgs	WGS	GRCh38
HGDP01033	NA	AFR	hgdp_highcov_wgs	WGS	GRCh38
HGDP01090	NA	AFR	hgdp_highcov_wgs	WGS	GRCh38
HGDP01021	NA	EAS	hgdp_highcov_wgs	WGS	GRCh38
HGDP01289	NA	EAS	hgdp_highcov_wgs	WGS	GRCh38
HGDP01023	NA	EAS	hgdp_highcov_wgs	WGS	GRCh38
HGDP00917	NA	AFR	hgdp_highcov_wgs	WGS	GRCh38
HGDP00776	NA	EAS	hgdp_highcov_wgs	WGS	GRCh38
HGDP00774	NA	EAS	hgdp_highcov_wgs	WGS	GRCh38
HGDP00815	NA	EAS	hgdp_highcov_wgs	WGS	GRCh38
HGDP00779	NA	EAS	hgdp_highcov_wgs	WGS	GRCh38
HGDP00818	NA	EAS	hgdp_highcov_wgs	WGS	GRCh38
HGDP00784	NA	EAS	hgdp_highcov_wgs	WGS	GRCh38
HGDP01318	NA	EAS	hgdp_highcov_wgs	WGS	GRCh38
HGDP01100	NA	EAS	hgdp_highcov_wgs	WGS	GRCh38
HGDP01290	NA	EAS	hgdp_highcov_wgs	WGS	GRCh38
HGDP00975	NA	EAS	hgdp_highcov_wgs	WGS	GRCh38
HGDP00974	NA	EAS	hgdp_highcov_wgs	WGS	GRCh38
HGDP01196	NA	EAS	hgdp_highcov_wgs	WGS	GRCh38
HGDP00786	NA	EAS	hgdp_highcov_wgs	WGS	GRCh38
HGDP01181	NA	EAS	hgdp_highcov_wgs	WGS	GRCh38
HGDP01354	NA	EAS	hgdp_highcov_wgs	WGS	GRCh38
HGDP01294	NA	EAS	hgdp_highcov_wgs	WGS	GRCh38
HGDP01352	NA	EAS	hgdp_highcov_wgs	WGS	GRCh38
HGDP01348	NA	EAS	hgdp_highcov_wgs	WGS	GRCh38
HGDP01322	NA	EAS	hgdp_highcov_wgs	WGS	GRCh38
HGDP00977	NA	EAS	hgdp_highcov_wgs	WGS	GRCh38
HGDP00780	NA	EAS	hgdp_highcov_wgs	WGS	GRCh38
HGDP01287	NA	EAS	hgdp_highcov_wgs	WGS	GRCh38
HGDP01292	NA	EAS	hgdp_highcov_wgs	WGS	GRCh38
HGDP00976	NA	EAS	hgdp_highcov_wgs	WGS	GRCh38
HGDP01224	NA	EAS	hgdp_highcov_wgs	WGS	GRCh38
HGDP01184	NA	EAS	hgdp_highcov_wgs	WGS	GRCh38
HGDP01334	NA	EAS	hgdp_highcov_wgs	WGS	GRCh38
HGDP01321	NA	EAS	hgdp_highcov_wgs	WGS	GRCh38
HGDP01101	NA	EAS	hgdp_highcov_wgs	WGS	GRCh38
HGDP01353	NA	EAS	hgdp_highcov_wgs	WGS	GRCh38
HGDP00817	NA	EAS	hgdp_highcov_wgs	WGS	GRCh38
HGDP01180	NA	EAS	hgdp_highcov_wgs	WGS	GRCh38
HGDP01195	NA	EAS	hgdp_highcov_wgs	WGS	GRCh38
HGDP01341	NA	EAS	hgdp_highcov_wgs	WGS	GRCh38
HGDP01319	NA	EAS	hgdp_highcov_wgs	WGS	GRCh38
HGDP01311	NA	EAS	hgdp_highcov_wgs	WGS	GRCh38
HGDP01193	NA	EAS	hgdp_highcov_wgs	WGS	GRCh38
HGDP01104	NA	EAS	hgdp_highcov_wgs	WGS	GRCh38
HGDP01187	NA	EAS	hgdp_highcov_wgs	WGS	GRCh38
HGDP01347	NA	EAS	hgdp_highcov_wgs	WGS	GRCh38
HGDP01197	NA	EAS	hgdp_highcov_wgs	WGS	GRCh38
HGDP01349	NA	EAS	hgdp_highcov_wgs	WGS	GRCh38
HGDP01351	NA	EAS	hgdp_highcov_wgs	WGS	GRCh38
HGDP01328	NA	EAS	hgdp_highcov_wgs	WGS	GRCh38
HGDP01295	NA	EAS	hgdp_highcov_wgs	WGS	GRCh38
HGDP01288	NA	EAS	hgdp_highcov_wgs	WGS	GRCh38
HGDP01329	NA	EAS	hgdp_highcov_wgs	WGS	GRCh38
HGDP00747	NA	EAS	hgdp_highcov_wgs	WGS	GRCh38
HGDP01293	NA	EAS	hgdp_highcov_wgs	WGS	GRCh38
HGDP00973	NA	EAS	hgdp_highcov_wgs	WGS	GRCh38
HGDP00762	NA	EAS	hgdp_highcov_wgs	WGS	GRCh38
HGDP01185	NA	EAS	hgdp_highcov_wgs	WGS	GRCh38
HGDP01331	NA	EAS	hgdp_highcov_wgs	WGS	GRCh38
HGDP01103	NA	EAS	hgdp_highcov_wgs	WGS	GRCh38
HGDP01317	NA	EAS	hgdp_highcov_wgs	WGS	GRCh38
HGDP01346	NA	EAS	hgdp_highcov_wgs	WGS	GRCh38
HGDP01342	NA	EAS	hgdp_highcov_wgs	WGS	GRCh38
HGDP01238	NA	EAS	hgdp_highcov_wgs	WGS	GRCh38
HGDP01326	NA	EAS	hgdp_highcov_wgs	WGS	GRCh38
HGDP01356	NA	EAS	hgdp_highcov_wgs	WGS	GRCh38
HGDP00958	NA	EAS	hgdp_highcov_wgs	WGS	GRCh38
HGDP01247	NA	EAS	hgdp_highcov_wgs	WGS	GRCh38
HGDP00766	NA	EAS	hgdp_highcov_wgs	WGS	GRCh38
HGDP01233	NA	EAS	hgdp_highcov_wgs	WGS	GRCh38
HGDP01207	NA	EAS	hgdp_highcov_wgs	WGS	GRCh38
HGDP01336	NA	EAS	hgdp_highcov_wgs	WGS	GRCh38
HGDP00819	NA	EAS	hgdp_highcov_wgs	WGS	GRCh38
HGDP00382	NA	SAS	hgdp_highcov_wgs	WGS	GRCh38
HGDP00946	NA	EAS	hgdp_highcov_wgs	WGS	GRCh38
HGDP01332	NA	EAS	hgdp_highcov_wgs	WGS	GRCh38
HGDP01337	NA	EAS	hgdp_highcov_wgs	WGS	GRCh38
HGDP01222	NA	EAS	hgdp_highcov_wgs	WGS	GRCh38
HGDP01291	NA	EAS	hgdp_highcov_wgs	WGS	GRCh38
HGDP01183	NA	EAS	hgdp_highcov_wgs	WGS	GRCh38
HGDP00822	NA	EAS	hgdp_highcov_wgs	WGS	GRCh38
HGDP00755	NA	EAS	hgdp_highcov_wgs	WGS	GRCh38
HGDP00966	NA	EAS	hgdp_highcov_wgs	WGS	GRCh38
HGDP01304	NA	GLOBAL	hgdp_highcov_wgs	WGS	GRCh38
HGDP00716	NA	EAS	hgdp_highcov_wgs	WGS	GRCh38
HGDP01182	NA	EAS	hgdp_highcov_wgs	WGS	GRCh38
HGDP01230	NA	EAS	hgdp_highcov_wgs	WGS	GRCh38
HGDP00965	NA	EAS	hgdp_highcov_wgs	WGS	GRCh38
HGDP01194	NA	EAS	hgdp_highcov_wgs	WGS	GRCh38
HGDP00376	NA	SAS	hgdp_highcov_wgs	WGS	GRCh38
HGDP00364	NA	SAS	hgdp_highcov_wgs	WGS	GRCh38
HGDP00954	NA	EAS	hgdp_highcov_wgs	WGS	GRCh38
HGDP01234	NA	EAS	hgdp_highcov_wgs	WGS	GRCh38
HGDP00712	NA	EAS	hgdp_highcov_wgs	WGS	GRCh38
HGDP00962	NA	EAS	hgdp_highcov_wgs	WGS	GRCh38
HGDP00754	NA	EAS	hgdp_highcov_wgs	WGS	GRCh38
HGDP01232	NA	EAS	hgdp_highcov_wgs	WGS	GRCh38
HGDP01102	NA	EAS	hgdp_highcov_wgs	WGS	GRCh38
HGDP01204	NA	EAS	hgdp_highcov_wgs	WGS	GRCh38
HGDP00100	NA	SAS	hgdp_highcov_wgs	WGS	GRCh38
HGDP01303	NA	GLOBAL	hgdp_highcov_wgs	WGS	GRCh38
HGDP01206	NA	EAS	hgdp_highcov_wgs	WGS	GRCh38
HGDP00772	NA	EAS	hgdp_highcov_wgs	WGS	GRCh38
HGDP00099	NA	SAS	hgdp_highcov_wgs	WGS	GRCh38
HGDP00371	NA	SAS	hgdp_highcov_wgs	WGS	GRCh38
HGDP00758	NA	EAS	hgdp_highcov_wgs	WGS	GRCh38
HGDP00765	NA	EAS	hgdp_highcov_wgs	WGS	GRCh38
HGDP00750	NA	EAS	hgdp_highcov_wgs	WGS	GRCh38
HGDP01229	NA	EAS	hgdp_highcov_wgs	WGS	GRCh38
HGDP01237	NA	EAS	hgdp_highcov_wgs	WGS	GRCh38
HGDP00756	NA	EAS	hgdp_highcov_wgs	WGS	GRCh38
HGDP00751	NA	EAS	hgdp_highcov_wgs	WGS	GRCh38
HGDP00828	NA	EAS	hgdp_highcov_wgs	WGS	GRCh38
HGDP00108	NA	SAS	hgdp_highcov_wgs	WGS	GRCh38
HGDP00115	NA	GLOBAL	hgdp_highcov_wgs	WGS	GRCh38
HGDP00790	NA	EAS	hgdp_highcov_wgs	WGS	GRCh38
HGDP00109	NA	SAS	hgdp_highcov_wgs	WGS	GRCh38
HGDP00963	NA	EAS	hgdp_highcov_wgs	WGS	GRCh38
HGDP00356	NA	SAS	hgdp_highcov_wgs	WGS	GRCh38
HGDP00392	NA	SAS	hgdp_highcov_wgs	WGS	GRCh38
HGDP01221	NA	EAS	hgdp_highcov_wgs	WGS	GRCh38
HGDP00953	NA	GLOBAL	hgdp_highcov_wgs	WGS	GRCh38
HGDP01209	NA	EAS	hgdp_highcov_wgs	WGS	GRCh38
HGDP00950	NA	EAS	hgdp_highcov_wgs	WGS	GRCh38
HGDP00719	NA	EAS	hgdp_highcov_wgs	WGS	GRCh38
HGDP00104	NA	SAS	hgdp_highcov_wgs	WGS	GRCh38
HGDP01249	NA	EAS	hgdp_highcov_wgs	WGS	GRCh38
HGDP01218	NA	EAS	hgdp_highcov_wgs	WGS	GRCh38
HGDP01251	NA	EAS	hgdp_highcov_wgs	WGS	GRCh38
HGDP00960	NA	EAS	hgdp_highcov_wgs	WGS	GRCh38
HGDP00964	NA	EAS	hgdp_highcov_wgs	WGS	GRCh38
HGDP00771	NA	EAS	hgdp_highcov_wgs	WGS	GRCh38
HGDP00957	NA	EAS	hgdp_highcov_wgs	WGS	GRCh38
HGDP00968	NA	EAS	hgdp_highcov_wgs	WGS	GRCh38
HGDP01220	NA	EAS	hgdp_highcov_wgs	WGS	GRCh38
HGDP01212	NA	EAS	hgdp_highcov_wgs	WGS	GRCh38
HGDP00761	NA	EAS	hgdp_highcov_wgs	WGS	GRCh38
HGDP01205	NA	EAS	hgdp_highcov_wgs	WGS	GRCh38
HGDP00351	NA	SAS	hgdp_highcov_wgs	WGS	GRCh38
HGDP00372	NA	SAS	hgdp_highcov_wgs	WGS	GRCh38
HGDP01241	NA	EAS	hgdp_highcov_wgs	WGS	GRCh38
HGDP00760	NA	EAS	hgdp_highcov_wgs	WGS	GRCh38
HGDP00961	NA	EAS	hgdp_highcov_wgs	WGS	GRCh38
HGDP00769	NA	EAS	hgdp_highcov_wgs	WGS	GRCh38
HGDP00757	NA	EAS	hgdp_highcov_wgs	WGS	GRCh38
HGDP00952	NA	EAS	hgdp_highcov_wgs	WGS	GRCh38
HGDP00721	NA	GLOBAL	hgdp_highcov_wgs	WGS	GRCh38
HGDP00021	NA	SAS	hgdp_highcov_wgs	WGS	GRCh38
HGDP01231	NA	EAS	hgdp_highcov_wgs	WGS	GRCh38
HGDP00969	NA	EAS	hgdp_highcov_wgs	WGS	GRCh38
HGDP00039	NA	SAS	hgdp_highcov_wgs	WGS	GRCh38
HGDP00764	NA	EAS	hgdp_highcov_wgs	WGS	GRCh38
HGDP01305	NA	GLOBAL	hgdp_highcov_wgs	WGS	GRCh38
HGDP00060	NA	SAS	hgdp_highcov_wgs	WGS	GRCh38
HGDP00035	NA	SAS	hgdp_highcov_wgs	WGS	GRCh38
HGDP00791	NA	EAS	hgdp_highcov_wgs	WGS	GRCh38
HGDP00234	NA	SAS	hgdp_highcov_wgs	WGS	GRCh38
HGDP01227	NA	EAS	hgdp_highcov_wgs	WGS	GRCh38
HGDP01236	NA	EAS	hgdp_highcov_wgs	WGS	GRCh38
HGDP00110	NA	SAS	hgdp_highcov_wgs	WGS	GRCh38
HGDP00173	NA	SAS	hgdp_highcov_wgs	WGS	GRCh38
HGDP00955	NA	EAS	hgdp_highcov_wgs	WGS	GRCh38
HGDP00106	NA	SAS	hgdp_highcov_wgs	WGS	GRCh38
HGDP00285	NA	SAS	hgdp_highcov_wgs	WGS	GRCh38
HGDP00047	NA	SAS	hgdp_highcov_wgs	WGS	GRCh38
HGDP00049	NA	SAS	hgdp_highcov_wgs	WGS	GRCh38
HGDP00031	NA	SAS	hgdp_highcov_wgs	WGS	GRCh38
HGDP00438	NA	SAS	hgdp_highcov_wgs	WGS	GRCh38
HGDP00199	NA	SAS	hgdp_highcov_wgs	WGS	GRCh38
HGDP00313	NA	SAS	hgdp_highcov_wgs	WGS	GRCh38
HGDP00066	NA	SAS	hgdp_highcov_wgs	WGS	GRCh38
HGDP00239	NA	SAS	hgdp_highcov_wgs	WGS	GRCh38
HGDP00013	NA	SAS	hgdp_highcov_wgs	WGS	GRCh38
HGDP00323	NA	SAS	hgdp_highcov_wgs	WGS	GRCh38
HGDP00070	NA	SAS	hgdp_highcov_wgs	WGS	GRCh38
HGDP00262	NA	SAS	hgdp_highcov_wgs	WGS	GRCh38
HGDP00224	NA	SAS	hgdp_highcov_wgs	WGS	GRCh38
HGDP00304	NA	SAS	hgdp_highcov_wgs	WGS	GRCh38
HGDP00098	NA	SAS	hgdp_highcov_wgs	WGS	GRCh38
HGDP00043	NA	SAS	hgdp_highcov_wgs	WGS	GRCh38
HGDP00181	NA	SAS	hgdp_highcov_wgs	WGS	GRCh38
HGDP00247	NA	SAS	hgdp_highcov_wgs	WGS	GRCh38
HGDP01361	NA	EUR	hgdp_highcov_wgs	WGS	GRCh38
HGDP00445	NA	SAS	hgdp_highcov_wgs	WGS	GRCh38
HGDP00423	NA	SAS	hgdp_highcov_wgs	WGS	GRCh38
HGDP00189	NA	SAS	hgdp_highcov_wgs	WGS	GRCh38
HGDP00243	NA	SAS	hgdp_highcov_wgs	WGS	GRCh38
HGDP00033	NA	SAS	hgdp_highcov_wgs	WGS	GRCh38
HGDP00011	NA	SAS	hgdp_highcov_wgs	WGS	GRCh38
HGDP00210	NA	SAS	hgdp_highcov_wgs	WGS	GRCh38
HGDP00082	NA	SAS	hgdp_highcov_wgs	WGS	GRCh38
HGDP00258	NA	SAS	hgdp_highcov_wgs	WGS	GRCh38
HGDP00315	NA	SAS	hgdp_highcov_wgs	WGS	GRCh38
HGDP00052	NA	SAS	hgdp_highcov_wgs	WGS	GRCh38
HGDP00074	NA	SAS	hgdp_highcov_wgs	WGS	GRCh38
HGDP00185	NA	SAS	hgdp_highcov_wgs	WGS	GRCh38
HGDP00072	NA	SAS	hgdp_highcov_wgs	WGS	GRCh38
HGDP00192	NA	SAS	hgdp_highcov_wgs	WGS	GRCh38
HGDP00244	NA	SAS	hgdp_highcov_wgs	WGS	GRCh38
HGDP00277	NA	SAS	hgdp_highcov_wgs	WGS	GRCh38
HGDP00412	NA	SAS	hgdp_highcov_wgs	WGS	GRCh38
HGDP00092	NA	SAS	hgdp_highcov_wgs	WGS	GRCh38
HGDP01358	NA	EUR	hgdp_highcov_wgs	WGS	GRCh38
HGDP00228	NA	SAS	hgdp_highcov_wgs	WGS	GRCh38
HGDP00264	NA	SAS	hgdp_highcov_wgs	WGS	GRCh38
HGDP00290	NA	SAS	hgdp_highcov_wgs	WGS	GRCh38
HGDP00330	NA	SAS	hgdp_highcov_wgs	WGS	GRCh38
HGDP00003	NA	SAS	hgdp_highcov_wgs	WGS	GRCh38
HGDP01359	NA	EUR	hgdp_highcov_wgs	WGS	GRCh38
HGDP00417	NA	SAS	hgdp_highcov_wgs	WGS	GRCh38
HGDP00025	NA	SAS	hgdp_highcov_wgs	WGS	GRCh38
HGDP00139	NA	SAS	hgdp_highcov_wgs	WGS	GRCh38
HGDP00536	NA	EUR	hgdp_highcov_wgs	WGS	GRCh38
HGDP00539	NA	EUR	hgdp_highcov_wgs	WGS	GRCh38
HGDP00205	NA	SAS	hgdp_highcov_wgs	WGS	GRCh38
HGDP00183	NA	SAS	hgdp_highcov_wgs	WGS	GRCh38
HGDP00402	NA	SAS	hgdp_highcov_wgs	WGS	GRCh38
HGDP00169	NA	SAS	hgdp_highcov_wgs	WGS	GRCh38
HGDP00080	NA	SAS	hgdp_highcov_wgs	WGS	GRCh38
HGDP00096	NA	SAS	hgdp_highcov_wgs	WGS	GRCh38
HGDP00015	NA	SAS	hgdp_highcov_wgs	WGS	GRCh38
HGDP00141	NA	SAS	hgdp_highcov_wgs	WGS	GRCh38
HGDP00879	NA	EUR	hgdp_highcov_wgs	WGS	GRCh38
HGDP00086	NA	SAS	hgdp_highcov_wgs	WGS	GRCh38
HGDP00298	NA	SAS	hgdp_highcov_wgs	WGS	GRCh38
HGDP00146	NA	SAS	hgdp_highcov_wgs	WGS	GRCh38
HGDP00251	NA	SAS	hgdp_highcov_wgs	WGS	GRCh38
HGDP00902	NA	EUR	hgdp_highcov_wgs	WGS	GRCh38
HGDP00150	NA	SAS	hgdp_highcov_wgs	WGS	GRCh38
HGDP00226	NA	SAS	hgdp_highcov_wgs	WGS	GRCh38
HGDP00309	NA	SAS	hgdp_highcov_wgs	WGS	GRCh38
HGDP00153	NA	SAS	hgdp_highcov_wgs	WGS	GRCh38
HGDP00519	NA	EUR	hgdp_highcov_wgs	WGS	GRCh38
HGDP00512	NA	EUR	hgdp_highcov_wgs	WGS	GRCh38
HGDP00088	NA	SAS	hgdp_highcov_wgs	WGS	GRCh38
HGDP00145	NA	SAS	hgdp_highcov_wgs	WGS	GRCh38
HGDP01357	NA	EUR	hgdp_highcov_wgs	WGS	GRCh38
HGDP00134	NA	SAS	hgdp_highcov_wgs	WGS	GRCh38
HGDP00137	NA	SAS	hgdp_highcov_wgs	WGS	GRCh38
HGDP00201	NA	SAS	hgdp_highcov_wgs	WGS	GRCh38
HGDP00880	NA	EUR	hgdp_highcov_wgs	WGS	GRCh38
HGDP00513	NA	EUR	hgdp_highcov_wgs	WGS	GRCh38
HGDP00900	NA	EUR	hgdp_highcov_wgs	WGS	GRCh38
HGDP00898	NA	EUR	hgdp_highcov_wgs	WGS	GRCh38
HGDP00527	NA	EUR	hgdp_highcov_wgs	WGS	GRCh38
HGDP01363	NA	EUR	hgdp_highcov_wgs	WGS	GRCh38
HGDP00524	NA	EUR	hgdp_highcov_wgs	WGS	GRCh38
HGDP00511	NA	EUR	hgdp_highcov_wgs	WGS	GRCh38
HGDP00154	NA	SAS	hgdp_highcov_wgs	WGS	GRCh38
HGDP01404	NA	EUR	hgdp_highcov_wgs	WGS	GRCh38
HGDP00143	NA	SAS	hgdp_highcov_wgs	WGS	GRCh38
HGDP01384	NA	EUR	hgdp_highcov_wgs	WGS	GRCh38
HGDP00899	NA	EUR	hgdp_highcov_wgs	WGS	GRCh38
HGDP00901	NA	EUR	hgdp_highcov_wgs	WGS	GRCh38
HGDP00177	NA	SAS	hgdp_highcov_wgs	WGS	GRCh38
HGDP00886	NA	EUR	hgdp_highcov_wgs	WGS	GRCh38
HGDP00078	NA	SAS	hgdp_highcov_wgs	WGS	GRCh38
HGDP01388	NA	EUR	hgdp_highcov_wgs	WGS	GRCh38
HGDP01360	NA	EUR	hgdp_highcov_wgs	WGS	GRCh38
HGDP00520	NA	EUR	hgdp_highcov_wgs	WGS	GRCh38
HGDP00149	NA	SAS	hgdp_highcov_wgs	WGS	GRCh38
HGDP00522	NA	EUR	hgdp_highcov_wgs	WGS	GRCh38
HGDP00535	NA	EUR	hgdp_highcov_wgs	WGS	GRCh38
HGDP00523	NA	EUR	hgdp_highcov_wgs	WGS	GRCh38
HGDP00518	NA	EUR	hgdp_highcov_wgs	WGS	GRCh38
HGDP00158	NA	SAS	hgdp_highcov_wgs	WGS	GRCh38
HGDP00094	NA	SAS	hgdp_highcov_wgs	WGS	GRCh38
HGDP00531	NA	EUR	hgdp_highcov_wgs	WGS	GRCh38
HGDP00537	NA	EUR	hgdp_highcov_wgs	WGS	GRCh38
HGDP00528	NA	EUR	hgdp_highcov_wgs	WGS	GRCh38
HGDP00151	NA	SAS	hgdp_highcov_wgs	WGS	GRCh38
HGDP00516	NA	EUR	hgdp_highcov_wgs	WGS	GRCh38
HGDP00895	NA	EUR	hgdp_highcov_wgs	WGS	GRCh38
HGDP00133	NA	SAS	hgdp_highcov_wgs	WGS	GRCh38
HGDP00891	NA	EUR	hgdp_highcov_wgs	WGS	GRCh38
HGDP00076	NA	SAS	hgdp_highcov_wgs	WGS	GRCh38
HGDP01362	NA	EUR	hgdp_highcov_wgs	WGS	GRCh38
HGDP00529	NA	EUR	hgdp_highcov_wgs	WGS	GRCh38
HGDP00883	NA	EUR	hgdp_highcov_wgs	WGS	GRCh38
HGDP00515	NA	EUR	hgdp_highcov_wgs	WGS	GRCh38
HGDP00140	NA	SAS	hgdp_highcov_wgs	WGS	GRCh38
HGDP00882	NA	EUR	hgdp_highcov_wgs	WGS	GRCh38
HGDP00538	NA	EUR	hgdp_highcov_wgs	WGS	GRCh38
HGDP01400	NA	EUR	hgdp_highcov_wgs	WGS	GRCh38
HGDP00148	NA	SAS	hgdp_highcov_wgs	WGS	GRCh38
HGDP00155	NA	SAS	hgdp_highcov_wgs	WGS	GRCh38
HGDP01398	NA	EUR	hgdp_highcov_wgs	WGS	GRCh38
HGDP00131	NA	SAS	hgdp_highcov_wgs	WGS	GRCh38
HGDP01382	NA	EUR	hgdp_highcov_wgs	WGS	GRCh38
HGDP00144	NA	SAS	hgdp_highcov_wgs	WGS	GRCh38
HGDP00884	NA	EUR	hgdp_highcov_wgs	WGS	GRCh38
HGDP01376	NA	EUR	hgdp_highcov_wgs	WGS	GRCh38
HGDP00889	NA	EUR	hgdp_highcov_wgs	WGS	GRCh38
HGDP01397	NA	EUR	hgdp_highcov_wgs	WGS	GRCh38
HGDP00896	NA	EUR	hgdp_highcov_wgs	WGS	GRCh38
HGDP01386	NA	EUR	hgdp_highcov_wgs	WGS	GRCh38
HGDP00525	NA	EUR	hgdp_highcov_wgs	WGS	GRCh38
HGDP00890	NA	EUR	hgdp_highcov_wgs	WGS	GRCh38
HGDP01403	NA	EUR	hgdp_highcov_wgs	WGS	GRCh38
HGDP00893	NA	EUR	hgdp_highcov_wgs	WGS	GRCh38
HGDP00897	NA	EUR	hgdp_highcov_wgs	WGS	GRCh38
HGDP00517	NA	EUR	hgdp_highcov_wgs	WGS	GRCh38
HGDP00799	NA	EUR	hgdp_highcov_wgs	WGS	GRCh38
HGDP00885	NA	EUR	hgdp_highcov_wgs	WGS	GRCh38
HGDP00161	NA	SAS	hgdp_highcov_wgs	WGS	GRCh38
HGDP00892	NA	EUR	hgdp_highcov_wgs	WGS	GRCh38
HGDP00888	NA	EUR	hgdp_highcov_wgs	WGS	GRCh38
HGDP01074	NA	EUR	hgdp_highcov_wgs	WGS	GRCh38
HGDP00881	NA	EUR	hgdp_highcov_wgs	WGS	GRCh38
HGDP00671	NA	EUR	hgdp_highcov_wgs	WGS	GRCh38
HGDP00514	NA	EUR	hgdp_highcov_wgs	WGS	GRCh38
HGDP01157	NA	GLOBAL	hgdp_highcov_wgs	WGS	GRCh38
HGDP00894	NA	EUR	hgdp_highcov_wgs	WGS	GRCh38
HGDP01164	NA	EUR	hgdp_highcov_wgs	WGS	GRCh38
HGDP01156	NA	EUR	hgdp_highcov_wgs	WGS	GRCh38
HGDP00561	NA	GLOBAL	hgdp_highcov_wgs	WGS	GRCh38
HGDP01073	NA	EUR	hgdp_highcov_wgs	WGS	GRCh38
HGDP00563	NA	GLOBAL	hgdp_highcov_wgs	WGS	GRCh38
HGDP01399	NA	EUR	hgdp_highcov_wgs	WGS	GRCh38
HGDP00797	NA	EUR	hgdp_highcov_wgs	WGS	GRCh38
HGDP01375	NA	EUR	hgdp_highcov_wgs	WGS	GRCh38
HGDP01065	NA	EUR	hgdp_highcov_wgs	WGS	GRCh38
HGDP00572	NA	GLOBAL	hgdp_highcov_wgs	WGS	GRCh38
HGDP00573	NA	GLOBAL	hgdp_highcov_wgs	WGS	GRCh38
HGDP01066	NA	EUR	hgdp_highcov_wgs	WGS	GRCh38
HGDP00808	NA	EUR	hgdp_highcov_wgs	WGS	GRCh38
HGDP00583	NA	GLOBAL	hgdp_highcov_wgs	WGS	GRCh38
HGDP01166	NA	EUR	hgdp_highcov_wgs	WGS	GRCh38
HGDP00807	NA	EUR	hgdp_highcov_wgs	WGS	GRCh38
HGDP01387	NA	EUR	hgdp_highcov_wgs	WGS	GRCh38
HGDP01367	NA	EUR	hgdp_highcov_wgs	WGS	GRCh38
HGDP00534	NA	EUR	hgdp_highcov_wgs	WGS	GRCh38
HGDP00670	NA	EUR	hgdp_highcov_wgs	WGS	GRCh38
HGDP00582	NA	GLOBAL	hgdp_highcov_wgs	WGS	GRCh38
HGDP00579	NA	GLOBAL	hgdp_highcov_wgs	WGS	GRCh38
HGDP00649	NA	GLOBAL	hgdp_highcov_wgs	WGS	GRCh38
HGDP00651	NA	GLOBAL	hgdp_highcov_wgs	WGS	GRCh38
HGDP00691	NA	GLOBAL	hgdp_highcov_wgs	WGS	GRCh38
HGDP01071	NA	EUR	hgdp_highcov_wgs	WGS	GRCh38
HGDP00700	NA	GLOBAL	hgdp_highcov_wgs	WGS	GRCh38
HGDP00590	NA	GLOBAL	hgdp_highcov_wgs	WGS	GRCh38
HGDP00668	NA	EUR	hgdp_highcov_wgs	WGS	GRCh38
HGDP00632	NA	GLOBAL	hgdp_highcov_wgs	WGS	GRCh38
HGDP00675	NA	GLOBAL	hgdp_highcov_wgs	WGS	GRCh38
HGDP00803	NA	EUR	hgdp_highcov_wgs	WGS	GRCh38
HGDP00575	NA	GLOBAL	hgdp_highcov_wgs	WGS	GRCh38
HGDP00794	NA	EUR	hgdp_highcov_wgs	WGS	GRCh38
HGDP01173	NA	EUR	hgdp_highcov_wgs	WGS	GRCh38
HGDP00565	NA	GLOBAL	hgdp_highcov_wgs	WGS	GRCh38
HGDP00741	NA	GLOBAL	hgdp_highcov_wgs	WGS	GRCh38
HGDP00674	NA	EUR	hgdp_highcov_wgs	WGS	GRCh38
HGDP01068	NA	EUR	hgdp_highcov_wgs	WGS	GRCh38
HGDP00646	NA	GLOBAL	hgdp_highcov_wgs	WGS	GRCh38
HGDP00122	NA	GLOBAL	hgdp_highcov_wgs	WGS	GRCh38
HGDP00248	NA	SAS	hgdp_highcov_wgs	WGS	GRCh38
HGDP00254	NA	SAS	hgdp_highcov_wgs	WGS	GRCh38
HGDP00179	NA	SAS	hgdp_highcov_wgs	WGS	GRCh38
HGDP00241	NA	SAS	hgdp_highcov_wgs	WGS	GRCh38
HGDP01075	NA	EUR	hgdp_highcov_wgs	WGS	GRCh38
HGDP00581	NA	GLOBAL	hgdp_highcov_wgs	WGS	GRCh38
HGDP00045	NA	SAS	hgdp_highcov_wgs	WGS	GRCh38
HGDP00578	NA	GLOBAL	hgdp_highcov_wgs	WGS	GRCh38
HGDP01366	NA	EUR	hgdp_highcov_wgs	WGS	GRCh38
HGDP01070	NA	EUR	hgdp_highcov_wgs	WGS	GRCh38
HGDP00868	NA	AMR	hgdp_highcov_wgs	WGS	GRCh38
HGDP00970	NA	AMR	hgdp_highcov_wgs	WGS	GRCh38
HGDP00631	NA	GLOBAL	hgdp_highcov_wgs	WGS	GRCh38
HGDP00870	NA	AMR	hgdp_highcov_wgs	WGS	GRCh38
HGDP00546	NA	GLOBAL	hgdp_highcov_wgs	WGS	GRCh38
HGDP00661	NA	GLOBAL	hgdp_highcov_wgs	WGS	GRCh38
HGDP00653	NA	GLOBAL	hgdp_highcov_wgs	WGS	GRCh38
HGDP00129	NA	GLOBAL	hgdp_highcov_wgs	WGS	GRCh38
HGDP00604	NA	GLOBAL	hgdp_highcov_wgs	WGS	GRCh38
HGDP00684	NA	GLOBAL	hgdp_highcov_wgs	WGS	GRCh38
HGDP00639	NA	GLOBAL	hgdp_highcov_wgs	WGS	GRCh38
HGDP00620	NA	GLOBAL	hgdp_highcov_wgs	WGS	GRCh38
HGDP00800	NA	EUR	hgdp_highcov_wgs	WGS	GRCh38
HGDP01171	NA	EUR	hgdp_highcov_wgs	WGS	GRCh38
HGDP01169	NA	EUR	hgdp_highcov_wgs	WGS	GRCh38
HGDP00802	NA	EUR	hgdp_highcov_wgs	WGS	GRCh38
HGDP00566	NA	GLOBAL	hgdp_highcov_wgs	WGS	GRCh38
HGDP01149	NA	EUR	hgdp_highcov_wgs	WGS	GRCh38
HGDP00626	NA	GLOBAL	hgdp_highcov_wgs	WGS	GRCh38
HGDP00102	NA	GLOBAL	hgdp_highcov_wgs	WGS	GRCh38
HGDP00767	NA	EAS	hgdp_highcov_wgs	WGS	GRCh38
HGDP00326	NA	SAS	hgdp_highcov_wgs	WGS	GRCh38
HGDP00120	NA	SAS	hgdp_highcov_wgs	WGS	GRCh38
HGDP00175	NA	SAS	hgdp_highcov_wgs	WGS	GRCh38
HGDP00333	NA	SAS	hgdp_highcov_wgs	WGS	GRCh38
HGDP01155	NA	EUR	hgdp_highcov_wgs	WGS	GRCh38
HGDP00667	NA	EUR	hgdp_highcov_wgs	WGS	GRCh38
HGDP00863	NA	AMR	hgdp_highcov_wgs	WGS	GRCh38
HGDP00588	NA	GLOBAL	hgdp_highcov_wgs	WGS	GRCh38
HGDP00556	NA	GLOBAL	hgdp_highcov_wgs	WGS	GRCh38
HGDP00787	NA	GLOBAL	hgdp_highcov_wgs	WGS	GRCh38
HGDP00858	NA	AMR	hgdp_highcov_wgs	WGS	GRCh38
HGDP01001	NA	AMR	hgdp_highcov_wgs	WGS	GRCh38
HGDP01161	NA	EUR	hgdp_highcov_wgs	WGS	GRCh38
HGDP01063	NA	EUR	hgdp_highcov_wgs	WGS	GRCh38
HGDP00912	NA	AFR	hgdp_highcov_wgs	WGS	GRCh38
HGDP00595	NA	GLOBAL	hgdp_highcov_wgs	WGS	GRCh38
HGDP00621	NA	AFR	hgdp_highcov_wgs	WGS	GRCh38
HGDP00623	NA	GLOBAL	hgdp_highcov_wgs	WGS	GRCh38
HGDP01269	NA	GLOBAL	hgdp_highcov_wgs	WGS	GRCh38
HGDP00685	NA	GLOBAL	hgdp_highcov_wgs	WGS	GRCh38
HGDP01067	NA	EUR	hgdp_highcov_wgs	WGS	GRCh38
HGDP01167	NA	EUR	hgdp_highcov_wgs	WGS	GRCh38
HGDP01069	NA	EUR	hgdp_highcov_wgs	WGS	GRCh38
HGDP00696	NA	GLOBAL	hgdp_highcov_wgs	WGS	GRCh38
HGDP00687	NA	GLOBAL	hgdp_highcov_wgs	WGS	GRCh38
HGDP00121	NA	SAS	hgdp_highcov_wgs	WGS	GRCh38
HGDP00388	NA	SAS	hgdp_highcov_wgs	WGS	GRCh38
HGDP01248	NA	EAS	hgdp_highcov_wgs	WGS	GRCh38
HGDP00698	NA	GLOBAL	hgdp_highcov_wgs	WGS	GRCh38
HGDP00037	NA	SAS	hgdp_highcov_wgs	WGS	GRCh38
HGDP00307	NA	SAS	hgdp_highcov_wgs	WGS	GRCh38
HGDP00407	NA	SAS	hgdp_highcov_wgs	WGS	GRCh38
HGDP00259	NA	SAS	hgdp_highcov_wgs	WGS	GRCh38
HGDP00571	NA	GLOBAL	hgdp_highcov_wgs	WGS	GRCh38
HGDP00873	NA	AMR	hgdp_highcov_wgs	WGS	GRCh38
HGDP01041	NA	AMR	hgdp_highcov_wgs	WGS	GRCh38
HGDP00999	NA	AMR	hgdp_highcov_wgs	WGS	GRCh38
HGDP00704	NA	AMR	hgdp_highcov_wgs	WGS	GRCh38
HGDP01277	NA	GLOBAL	hgdp_highcov_wgs	WGS	GRCh38
HGDP01152	NA	EUR	hgdp_highcov_wgs	WGS	GRCh38
HGDP00708	NA	AMR	hgdp_highcov_wgs	WGS	GRCh38
HGDP00869	NA	AMR	hgdp_highcov_wgs	WGS	GRCh38
HGDP00909	NA	AFR	hgdp_highcov_wgs	WGS	GRCh38
HGDP00641	NA	GLOBAL	hgdp_highcov_wgs	WGS	GRCh38
HGDP00591	NA	GLOBAL	hgdp_highcov_wgs	WGS	GRCh38
HGDP00643	NA	GLOBAL	hgdp_highcov_wgs	WGS	GRCh38
HGDP00676	NA	GLOBAL	hgdp_highcov_wgs	WGS	GRCh38
HGDP01369	NA	EUR	hgdp_highcov_wgs	WGS	GRCh38
HGDP00640	NA	GLOBAL	hgdp_highcov_wgs	WGS	GRCh38
HGDP00810	NA	EUR	hgdp_highcov_wgs	WGS	GRCh38
HGDP00673	NA	EUR	hgdp_highcov_wgs	WGS	GRCh38
HGDP01379	NA	EUR	hgdp_highcov_wgs	WGS	GRCh38
HGDP00577	NA	GLOBAL	hgdp_highcov_wgs	WGS	GRCh38
HGDP00686	NA	GLOBAL	hgdp_highcov_wgs	WGS	GRCh38
HGDP00614	NA	GLOBAL	hgdp_highcov_wgs	WGS	GRCh38
HGDP00732	NA	GLOBAL	hgdp_highcov_wgs	WGS	GRCh38
HGDP01268	NA	GLOBAL	hgdp_highcov_wgs	WGS	GRCh38
HGDP00054	NA	SAS	hgdp_highcov_wgs	WGS	GRCh38
HGDP00191	NA	SAS	hgdp_highcov_wgs	WGS	GRCh38
HGDP00311	NA	SAS	hgdp_highcov_wgs	WGS	GRCh38
HGDP00669	NA	EUR	hgdp_highcov_wgs	WGS	GRCh38
HGDP01072	NA	EUR	hgdp_highcov_wgs	WGS	GRCh38
HGDP01162	NA	EUR	hgdp_highcov_wgs	WGS	GRCh38
HGDP00995	NA	AMR	hgdp_highcov_wgs	WGS	GRCh38
HGDP00876	NA	AMR	hgdp_highcov_wgs	WGS	GRCh38
HGDP00854	NA	AMR	hgdp_highcov_wgs	WGS	GRCh38
HGDP00875	NA	AMR	hgdp_highcov_wgs	WGS	GRCh38
HGDP01056	NA	AMR	hgdp_highcov_wgs	WGS	GRCh38
HGDP00752	NA	EAS	hgdp_highcov_wgs	WGS	GRCh38
HGDP01058	NA	AMR	hgdp_highcov_wgs	WGS	GRCh38
HGDP00753	NA	EAS	hgdp_highcov_wgs	WGS	GRCh38
HGDP00832	NA	AMR	hgdp_highcov_wgs	WGS	GRCh38
HGDP00727	NA	GLOBAL	hgdp_highcov_wgs	WGS	GRCh38
HGDP00679	NA	GLOBAL	hgdp_highcov_wgs	WGS	GRCh38
HGDP00688	NA	GLOBAL	hgdp_highcov_wgs	WGS	GRCh38
HGDP01260	NA	GLOBAL	hgdp_highcov_wgs	WGS	GRCh38
HGDP00635	NA	GLOBAL	hgdp_highcov_wgs	WGS	GRCh38
HGDP00672	NA	EUR	hgdp_highcov_wgs	WGS	GRCh38
HGDP01378	NA	EUR	hgdp_highcov_wgs	WGS	GRCh38
HGDP00557	NA	GLOBAL	hgdp_highcov_wgs	WGS	GRCh38
HGDP00678	NA	GLOBAL	hgdp_highcov_wgs	WGS	GRCh38
HGDP01254	NA	GLOBAL	hgdp_highcov_wgs	WGS	GRCh38
HGDP01217	NA	EAS	hgdp_highcov_wgs	WGS	GRCh38
HGDP00638	NA	GLOBAL	hgdp_highcov_wgs	WGS	GRCh38
HGDP00618	NA	GLOBAL	hgdp_highcov_wgs	WGS	GRCh38
HGDP00949	NA	GLOBAL	hgdp_highcov_wgs	WGS	GRCh38
HGDP00759	NA	EAS	hgdp_highcov_wgs	WGS	GRCh38
HGDP00230	NA	SAS	hgdp_highcov_wgs	WGS	GRCh38
HGDP00068	NA	SAS	hgdp_highcov_wgs	WGS	GRCh38
HGDP00029	NA	SAS	hgdp_highcov_wgs	WGS	GRCh38
HGDP00553	NA	GLOBAL	hgdp_highcov_wgs	WGS	GRCh38
HGDP00615	NA	GLOBAL	hgdp_highcov_wgs	WGS	GRCh38
HGDP01309	NA	EAS	hgdp_highcov_wgs	WGS	GRCh38
HGDP01060	NA	AMR	hgdp_highcov_wgs	WGS	GRCh38
HGDP00628	NA	GLOBAL	hgdp_highcov_wgs	WGS	GRCh38
HGDP00859	NA	AMR	hgdp_highcov_wgs	WGS	GRCh38
HGDP01027	NA	GLOBAL	hgdp_highcov_wgs	WGS	GRCh38
HGDP00805	NA	EUR	hgdp_highcov_wgs	WGS	GRCh38
HGDP00872	NA	AMR	hgdp_highcov_wgs	WGS	GRCh38
HGDP00594	NA	GLOBAL	hgdp_highcov_wgs	WGS	GRCh38
HGDP00624	NA	GLOBAL	hgdp_highcov_wgs	WGS	GRCh38
HGDP00598	NA	GLOBAL	hgdp_highcov_wgs	WGS	GRCh38
HGDP00647	NA	GLOBAL	hgdp_highcov_wgs	WGS	GRCh38
HGDP00735	NA	GLOBAL	hgdp_highcov_wgs	WGS	GRCh38
HGDP00699	NA	GLOBAL	hgdp_highcov_wgs	WGS	GRCh38
HGDP00602	NA	GLOBAL	hgdp_highcov_wgs	WGS	GRCh38
HGDP00586	NA	GLOBAL	hgdp_highcov_wgs	WGS	GRCh38
HGDP00648	NA	GLOBAL	hgdp_highcov_wgs	WGS	GRCh38
HGDP01239	NA	EAS	hgdp_highcov_wgs	WGS	GRCh38
HGDP00690	NA	GLOBAL	hgdp_highcov_wgs	WGS	GRCh38
HGDP00017	NA	SAS	hgdp_highcov_wgs	WGS	GRCh38
HGDP01270	NA	AFR	hgdp_highcov_wgs	WGS	GRCh38
HGDP00444	NA	SAS	hgdp_highcov_wgs	WGS	GRCh38
HGDP00197	NA	SAS	hgdp_highcov_wgs	WGS	GRCh38
HGDP00560	NA	GLOBAL	hgdp_highcov_wgs	WGS	GRCh38
HGDP01059	NA	AMR	hgdp_highcov_wgs	WGS	GRCh38
HGDP01276	NA	GLOBAL	hgdp_highcov_wgs	WGS	GRCh38
HGDP01262	NA	GLOBAL	hgdp_highcov_wgs	WGS	GRCh38
HGDP00906	NA	AFR	hgdp_highcov_wgs	WGS	GRCh38
HGDP00625	NA	GLOBAL	hgdp_highcov_wgs	WGS	GRCh38
HGDP01282	NA	GLOBAL	hgdp_highcov_wgs	WGS	GRCh38
HGDP01373	NA	EUR	hgdp_highcov_wgs	WGS	GRCh38
HGDP00607	NA	GLOBAL	hgdp_highcov_wgs	WGS	GRCh38
HGDP00683	NA	GLOBAL	hgdp_highcov_wgs	WGS	GRCh38
HGDP00738	NA	GLOBAL	hgdp_highcov_wgs	WGS	GRCh38
HGDP00739	NA	GLOBAL	hgdp_highcov_wgs	WGS	GRCh38
HGDP00629	NA	GLOBAL	hgdp_highcov_wgs	WGS	GRCh38
HGDP00746	NA	GLOBAL	hgdp_highcov_wgs	WGS	GRCh38
HGDP00619	NA	GLOBAL	hgdp_highcov_wgs	WGS	GRCh38
HGDP00636	NA	GLOBAL	hgdp_highcov_wgs	WGS	GRCh38
HGDP00574	NA	GLOBAL	hgdp_highcov_wgs	WGS	GRCh38
HGDP01370	NA	EUR	hgdp_highcov_wgs	WGS	GRCh38
HGDP01077	NA	EUR	hgdp_highcov_wgs	WGS	GRCh38
HGDP00587	NA	GLOBAL	hgdp_highcov_wgs	WGS	GRCh38
HGDP00599	NA	GLOBAL	hgdp_highcov_wgs	WGS	GRCh38
HGDP01174	NA	EUR	hgdp_highcov_wgs	WGS	GRCh38
HGDP00637	NA	GLOBAL	hgdp_highcov_wgs	WGS	GRCh38
HGDP00677	NA	GLOBAL	hgdp_highcov_wgs	WGS	GRCh38
HGDP00748	NA	EAS	hgdp_highcov_wgs	WGS	GRCh38
HGDP00171	NA	SAS	hgdp_highcov_wgs	WGS	GRCh38
HGDP00041	NA	SAS	hgdp_highcov_wgs	WGS	GRCh38
HGDP00023	NA	SAS	hgdp_highcov_wgs	WGS	GRCh38
HGDP01372	NA	EUR	hgdp_highcov_wgs	WGS	GRCh38
HGDP01151	NA	EUR	hgdp_highcov_wgs	WGS	GRCh38
HGDP00558	NA	GLOBAL	hgdp_highcov_wgs	WGS	GRCh38
HGDP01275	NA	GLOBAL	hgdp_highcov_wgs	WGS	GRCh38
HGDP00454	NA	AFR	hgdp_highcov_wgs	WGS	GRCh38
HGDP00860	NA	AMR	hgdp_highcov_wgs	WGS	GRCh38
HGDP00455	NA	AFR	hgdp_highcov_wgs	WGS	GRCh38
HGDP00549	NA	GLOBAL	hgdp_highcov_wgs	WGS	GRCh38
HGDP00861	NA	AMR	hgdp_highcov_wgs	WGS	GRCh38
HGDP00551	NA	GLOBAL	hgdp_highcov_wgs	WGS	GRCh38
HGDP00611	NA	GLOBAL	hgdp_highcov_wgs	WGS	GRCh38
HGDP00730	NA	GLOBAL	hgdp_highcov_wgs	WGS	GRCh38
HGDP00745	NA	GLOBAL	hgdp_highcov_wgs	WGS	GRCh38
HGDP00564	NA	GLOBAL	hgdp_highcov_wgs	WGS	GRCh38
HGDP01377	NA	EUR	hgdp_highcov_wgs	WGS	GRCh38
HGDP00666	NA	EUR	hgdp_highcov_wgs	WGS	GRCh38
HGDP00959	NA	EAS	hgdp_highcov_wgs	WGS	GRCh38
HGDP01271	NA	AFR	hgdp_highcov_wgs	WGS	GRCh38
HGDP00433	NA	SAS	hgdp_highcov_wgs	WGS	GRCh38
HGDP00397	NA	SAS	hgdp_highcov_wgs	WGS	GRCh38
HGDP00237	NA	SAS	hgdp_highcov_wgs	WGS	GRCh38
HGDP00806	NA	EUR	hgdp_highcov_wgs	WGS	GRCh38
HGDP01177	NA	EUR	hgdp_highcov_wgs	WGS	GRCh38
HGDP01302	NA	EAS	hgdp_highcov_wgs	WGS	GRCh38
HGDP00804	NA	EUR	hgdp_highcov_wgs	WGS	GRCh38
HGDP01019	NA	AMR	hgdp_highcov_wgs	WGS	GRCh38
HGDP01055	NA	AMR	hgdp_highcov_wgs	WGS	GRCh38
HGDP00729	NA	GLOBAL	hgdp_highcov_wgs	WGS	GRCh38
HGDP01010	NA	AMR	hgdp_highcov_wgs	WGS	GRCh38
HGDP01014	NA	AMR	hgdp_highcov_wgs	WGS	GRCh38
HGDP00871	NA	AMR	hgdp_highcov_wgs	WGS	GRCh38
HGDP00862	NA	AMR	hgdp_highcov_wgs	WGS	GRCh38
HGDP00634	NA	GLOBAL	hgdp_highcov_wgs	WGS	GRCh38
HGDP00693	NA	GLOBAL	hgdp_highcov_wgs	WGS	GRCh38
HGDP00644	NA	GLOBAL	hgdp_highcov_wgs	WGS	GRCh38
HGDP00613	NA	GLOBAL	hgdp_highcov_wgs	WGS	GRCh38
HGDP00654	NA	GLOBAL	hgdp_highcov_wgs	WGS	GRCh38
HGDP00734	NA	GLOBAL	hgdp_highcov_wgs	WGS	GRCh38
HGDP00645	NA	GLOBAL	hgdp_highcov_wgs	WGS	GRCh38
HGDP01267	NA	GLOBAL	hgdp_highcov_wgs	WGS	GRCh38
HGDP00701	NA	GLOBAL	hgdp_highcov_wgs	WGS	GRCh38
HGDP00733	NA	GLOBAL	hgdp_highcov_wgs	WGS	GRCh38
HGDP00744	NA	GLOBAL	hgdp_highcov_wgs	WGS	GRCh38
HGDP01208	NA	GLOBAL	hgdp_highcov_wgs	WGS	GRCh38
HGDP00302	NA	SAS	hgdp_highcov_wgs	WGS	GRCh38
HGDP01380	NA	EUR	hgdp_highcov_wgs	WGS	GRCh38
HGDP00795	NA	EUR	hgdp_highcov_wgs	WGS	GRCh38
HGDP00913	NA	AFR	hgdp_highcov_wgs	WGS	GRCh38
HGDP01258	NA	GLOBAL	hgdp_highcov_wgs	WGS	GRCh38
HGDP00864	NA	AMR	hgdp_highcov_wgs	WGS	GRCh38
HGDP00568	NA	GLOBAL	hgdp_highcov_wgs	WGS	GRCh38
HGDP01280	NA	GLOBAL	hgdp_highcov_wgs	WGS	GRCh38
HGDP01261	NA	AFR	hgdp_highcov_wgs	WGS	GRCh38
HGDP00622	NA	GLOBAL	hgdp_highcov_wgs	WGS	GRCh38
HGDP01264	NA	GLOBAL	hgdp_highcov_wgs	WGS	GRCh38
HGDP00692	NA	GLOBAL	hgdp_highcov_wgs	WGS	GRCh38
HGDP00736	NA	GLOBAL	hgdp_highcov_wgs	WGS	GRCh38
HGDP00612	NA	GLOBAL	hgdp_highcov_wgs	WGS	GRCh38
HGDP00740	NA	GLOBAL	hgdp_highcov_wgs	WGS	GRCh38
HGDP00584	NA	GLOBAL	hgdp_highcov_wgs	WGS	GRCh38
HGDP00600	NA	GLOBAL	hgdp_highcov_wgs	WGS	GRCh38
HGDP00627	NA	GLOBAL	hgdp_highcov_wgs	WGS	GRCh38
HGDP01374	NA	EUR	hgdp_highcov_wgs	WGS	GRCh38
HGDP00542	NA	GLOBAL	hgdp_highcov_wgs	WGS	GRCh38
HGDP00559	NA	GLOBAL	hgdp_highcov_wgs	WGS	GRCh38
HGDP01301	NA	SAS	hgdp_highcov_wgs	WGS	GRCh38
HGDP00642	NA	GLOBAL	hgdp_highcov_wgs	WGS	GRCh38
HGDP00694	NA	GLOBAL	hgdp_highcov_wgs	WGS	GRCh38
HGDP01259	NA	GLOBAL	hgdp_highcov_wgs	WGS	GRCh38
HGDP00187	NA	SAS	hgdp_highcov_wgs	WGS	GRCh38
HGDP00274	NA	SAS	hgdp_highcov_wgs	WGS	GRCh38
HGDP00281	NA	SAS	hgdp_highcov_wgs	WGS	GRCh38
HGDP01263	NA	GLOBAL	hgdp_highcov_wgs	WGS	GRCh38
HGDP01057	NA	AMR	hgdp_highcov_wgs	WGS	GRCh38
HGDP00606	NA	GLOBAL	hgdp_highcov_wgs	WGS	GRCh38
HGDP00601	NA	GLOBAL	hgdp_highcov_wgs	WGS	GRCh38
HGDP00689	NA	GLOBAL	hgdp_highcov_wgs	WGS	GRCh38
HGDP00697	NA	GLOBAL	hgdp_highcov_wgs	WGS	GRCh38
HGDP00064	NA	SAS	hgdp_highcov_wgs	WGS	GRCh38
HGDP00222	NA	SAS	hgdp_highcov_wgs	WGS	GRCh38
HGDP00007	NA	SAS	hgdp_highcov_wgs	WGS	GRCh38
HGDP01062	NA	EUR	hgdp_highcov_wgs	WGS	GRCh38
HGDP00567	NA	GLOBAL	hgdp_highcov_wgs	WGS	GRCh38
HGDP00967	NA	EAS	hgdp_highcov_wgs	WGS	GRCh38
HGDP00206	NA	SAS	hgdp_highcov_wgs	WGS	GRCh38
HGDP00865	NA	AMR	hgdp_highcov_wgs	WGS	GRCh38
HGDP00731	NA	GLOBAL	hgdp_highcov_wgs	WGS	GRCh38
HGDP00664	NA	GLOBAL	hgdp_highcov_wgs	WGS	GRCh38
HGDP01266	NA	GLOBAL	hgdp_highcov_wgs	WGS	GRCh38
HGDP01265	NA	GLOBAL	hgdp_highcov_wgs	WGS	GRCh38
HGDP00630	NA	GLOBAL	hgdp_highcov_wgs	WGS	GRCh38
HGDP01064	NA	GLOBAL	hgdp_highcov_wgs	WGS	GRCh38
HGDP01272	NA	GLOBAL	hgdp_highcov_wgs	WGS	GRCh38
HGDP01279	NA	GLOBAL	hgdp_highcov_wgs	WGS	GRCh38
HGDP00680	NA	GLOBAL	hgdp_highcov_wgs	WGS	GRCh38
HGDP00521	NA	GLOBAL	hgdp_highcov_wgs	WGS	GRCh38
HGDP01284	NA	GLOBAL	hgdp_highcov_wgs	WGS	GRCh38
HGDP00456	NA	GLOBAL	hgdp_highcov_wgs	WGS	GRCh38
HGDP00778	NA	GLOBAL	hgdp_highcov_wgs	WGS	GRCh38
HGDP00927	NA	GLOBAL	hgdp_highcov_wgs	WGS	GRCh38
HGDP01307	NA	GLOBAL	hgdp_highcov_wgs	WGS	GRCh38
HGDP00665	NA	GLOBAL	hgdp_highcov_wgs	WGS	GRCh38
HGDP01079	NA	GLOBAL	hgdp_highcov_wgs	WGS	GRCh38
HGDP01078	NA	GLOBAL	hgdp_highcov_wgs	WGS	GRCh38
HGDP01323	NA	GLOBAL	hgdp_highcov_wgs	WGS	GRCh38
HGDP00616	NA	GLOBAL	hgdp_highcov_wgs	WGS	GRCh38
HGDP00725	NA	GLOBAL	hgdp_highcov_wgs	WGS	GRCh38
HGDP01338	NA	GLOBAL	hgdp_highcov_wgs	WGS	GRCh38
HGDP01333	NA	GLOBAL	hgdp_highcov_wgs	WGS	GRCh38
HGDP00449	NA	GLOBAL	hgdp_highcov_wgs	WGS	GRCh38
HGDP00476	NA	GLOBAL	hgdp_highcov_wgs	WGS	GRCh38
HGDP00027	NA	GLOBAL	hgdp_highcov_wgs	WGS	GRCh38
HGDP01345	NA	GLOBAL	hgdp_highcov_wgs	WGS	GRCh38
HGDP00548	NA	GLOBAL	hgdp_highcov_wgs	WGS	GRCh38
HGDP01402	NA	GLOBAL	hgdp_highcov_wgs	WGS	GRCh38
HGDP00737	NA	GLOBAL	hgdp_highcov_wgs	WGS	GRCh38
HGDP00232	NA	GLOBAL	hgdp_highcov_wgs	WGS	GRCh38
HGDP01246	NA	GLOBAL	hgdp_highcov_wgs	WGS	GRCh38
HGDP00773	NA	GLOBAL	hgdp_highcov_wgs	WGS	GRCh38
HGDP00749	NA	GLOBAL	hgdp_highcov_wgs	WGS	GRCh38
HGDP00597	NA	GLOBAL	hgdp_highcov_wgs	WGS	GRCh38
HGDP01198	NA	GLOBAL	hgdp_highcov_wgs	WGS	GRCh38
HGDP00058	NA	GLOBAL	hgdp_highcov_wgs	WGS	GRCh38
HGDP00785	NA	GLOBAL	hgdp_highcov_wgs	WGS	GRCh38
HGDP00903	NA	GLOBAL	hgdp_highcov_wgs	WGS	GRCh38
HGDP00540	NA	GLOBAL	hgdp_highcov_wgs	WGS	GRCh38
HGDP01098	NA	GLOBAL	hgdp_highcov_wgs	WGS	GRCh38
HGDP01253	NA	GLOBAL	hgdp_highcov_wgs	WGS	GRCh38
HGDP00569	NA	GLOBAL	hgdp_highcov_wgs	WGS	GRCh38
HGDP01240	NA	GLOBAL	hgdp_highcov_wgs	WGS	GRCh38
HGDP01315	NA	GLOBAL	hgdp_highcov_wgs	WGS	GRCh38
HGDP00160	NA	GLOBAL	hgdp_highcov_wgs	WGS	GRCh38
HGDP01364	NA	GLOBAL	hgdp_highcov_wgs	WGS	GRCh38
HGDP01032	NA	GLOBAL	hgdp_highcov_wgs	WGS	GRCh38
HGDP01153	NA	GLOBAL	hgdp_highcov_wgs	WGS	GRCh38
HGDP00932	NA	GLOBAL	hgdp_highcov_wgs	WGS	GRCh38
HGDP01047	NA	GLOBAL	hgdp_highcov_wgs	WGS	GRCh38
HGDP00338	NA	GLOBAL	hgdp_highcov_wgs	WGS	GRCh38
HGDP00846	NA	GLOBAL	hgdp_highcov_wgs	WGS	GRCh38
HGDP00991	NA	GLOBAL	hgdp_highcov_wgs	WGS	GRCh38
HGDP00936	NA	GLOBAL	hgdp_highcov_wgs	WGS	GRCh38
HGDP01274	NA	GLOBAL	hgdp_highcov_wgs	WGS	GRCh38
HGDP01030	NA	GLOBAL	hgdp_highcov_wgs	WGS	GRCh38
HGDP00660	NA	GLOBAL	hgdp_highcov_wgs	WGS	GRCh38
HGDP00216	NA	GLOBAL	hgdp_highcov_wgs	WGS	GRCh38
HGDP00656	NA	GLOBAL	hgdp_highcov_wgs	WGS	GRCh38
HGDP01076	NA	GLOBAL	hgdp_highcov_wgs	WGS	GRCh38
HGDP01286	NA	GLOBAL	hgdp_highcov_wgs	WGS	GRCh38
HGDP01242	NA	GLOBAL	hgdp_highcov_wgs	WGS	GRCh38
HGDP01417	NA	GLOBAL	hgdp_highcov_wgs	WGS	GRCh38
HGDP00956	NA	GLOBAL	hgdp_highcov_wgs	WGS	GRCh38
HGDP01320	NA	GLOBAL	hgdp_highcov_wgs	WGS	GRCh38
HGDP01179	NA	GLOBAL	hgdp_highcov_wgs	WGS	GRCh38
HGDP00124	NA	GLOBAL	hgdp_highcov_wgs	WGS	GRCh38
HGDP01034	NA	GLOBAL	hgdp_highcov_wgs	WGS	GRCh38
HGDP01414	NA	GLOBAL	hgdp_highcov_wgs	WGS	GRCh38
HGDP01308	NA	GLOBAL	hgdp_highcov_wgs	WGS	GRCh38
HGDP00090	NA	GLOBAL	hgdp_highcov_wgs	WGS	GRCh38
HGDP00195	NA	GLOBAL	hgdp_highcov_wgs	WGS	GRCh38
HGDP01188	NA	GLOBAL	hgdp_highcov_wgs	WGS	GRCh38
HGDP01250	NA	GLOBAL	hgdp_highcov_wgs	WGS	GRCh38
HGDP00474	NA	GLOBAL	hgdp_highcov_wgs	WGS	GRCh38
HGDP01199	NA	GLOBAL	hgdp_highcov_wgs	WGS	GRCh38
HGDP01018	NA	GLOBAL	hgdp_highcov_wgs	WGS	GRCh38
HGDP00650	NA	GLOBAL	hgdp_highcov_wgs	WGS	GRCh38
HGDP00157	NA	GLOBAL	hgdp_highcov_wgs	WGS	GRCh38
HGDP00286	NA	GLOBAL	hgdp_highcov_wgs	WGS	GRCh38
HGDP01036	NA	GLOBAL	hgdp_highcov_wgs	WGS	GRCh38
HGDP00526	NA	GLOBAL	hgdp_highcov_wgs	WGS	GRCh38
HGDP00717	NA	GLOBAL	hgdp_highcov_wgs	WGS	GRCh38
HGDP00783	NA	GLOBAL	hgdp_highcov_wgs	WGS	GRCh38
HGDP01401	NA	GLOBAL	hgdp_highcov_wgs	WGS	GRCh38
HGDP01365	NA	GLOBAL	hgdp_highcov_wgs	WGS	GRCh38
HGDP00722	NA	GLOBAL	hgdp_highcov_wgs	WGS	GRCh38
HGDP00887	NA	GLOBAL	hgdp_highcov_wgs	WGS	GRCh38
HGDP01335	NA	GLOBAL	hgdp_highcov_wgs	WGS	GRCh38
HGDP01306	NA	GLOBAL	hgdp_highcov_wgs	WGS	GRCh38
HGDP00982	NA	GLOBAL	hgdp_highcov_wgs	WGS	GRCh38
HGDP00987	NA	GLOBAL	hgdp_highcov_wgs	WGS	GRCh38
HGDP00951	NA	GLOBAL	hgdp_highcov_wgs	WGS	GRCh38
HGDP00713	NA	GLOBAL	hgdp_highcov_wgs	WGS	GRCh38
HGDP00775	NA	GLOBAL	hgdp_highcov_wgs	WGS	GRCh38
HGDP01172	NA	GLOBAL	hgdp_highcov_wgs	WGS	GRCh38
HGDP00533	NA	GLOBAL	hgdp_highcov_wgs	WGS	GRCh38
HGDP01163	NA	GLOBAL	hgdp_highcov_wgs	WGS	GRCh38
HGDP01035	NA	GLOBAL	hgdp_highcov_wgs	WGS	GRCh38
HGDP01215	NA	GLOBAL	hgdp_highcov_wgs	WGS	GRCh38
HGDP00428	NA	GLOBAL	hgdp_highcov_wgs	WGS	GRCh38
HGDP00552	NA	GLOBAL	hgdp_highcov_wgs	WGS	GRCh38
HGDP01350	NA	GLOBAL	hgdp_highcov_wgs	WGS	GRCh38
HGDP00855	NA	GLOBAL	hgdp_highcov_wgs	WGS	GRCh38
HGDP01314	NA	GLOBAL	hgdp_highcov_wgs	WGS	GRCh38
HGDP00702	NA	GLOBAL	hgdp_highcov_wgs	WGS	GRCh38
HGDP00208	NA	GLOBAL	hgdp_highcov_wgs	WGS	GRCh38
HGDP01095	NA	GLOBAL	hgdp_highcov_wgs	WGS	GRCh38
HGDP01012	NA	GLOBAL	hgdp_highcov_wgs	WGS	GRCh38
HGDP01223	NA	GLOBAL	hgdp_highcov_wgs	WGS	GRCh38
HGDP01228	NA	GLOBAL	hgdp_highcov_wgs	WGS	GRCh38
HGDP01168	NA	GLOBAL	hgdp_highcov_wgs	WGS	GRCh38
HGDP00554	NA	GLOBAL	hgdp_highcov_wgs	WGS	GRCh38
HGDP00125	NA	GLOBAL	hgdp_highcov_wgs	WGS	GRCh38
HGDP01028	NA	GLOBAL	hgdp_highcov_wgs	WGS	GRCh38
HGDP01297	NA	GLOBAL	hgdp_highcov_wgs	WGS	GRCh38
HGDP01191	NA	GLOBAL	hgdp_highcov_wgs	WGS	GRCh38
HGDP00328	NA	GLOBAL	hgdp_highcov_wgs	WGS	GRCh38
HGDP00019	NA	GLOBAL	hgdp_highcov_wgs	WGS	GRCh38
HGDP00461	NA	GLOBAL	hgdp_highcov_wgs	WGS	GRCh38
HGDP01312	NA	GLOBAL	hgdp_highcov_wgs	WGS	GRCh38
HGDP00915	NA	GLOBAL	hgdp_highcov_wgs	WGS	GRCh38
HGDP00928	NA	GLOBAL	hgdp_highcov_wgs	WGS	GRCh38
HGDP00530	NA	GLOBAL	hgdp_highcov_wgs	WGS	GRCh38
HGDP00857	NA	GLOBAL	hgdp_highcov_wgs	WGS	GRCh38
HGDP00457	NA	GLOBAL	hgdp_highcov_wgs	WGS	GRCh38
HGDP01355	NA	GLOBAL	hgdp_highcov_wgs	WGS	GRCh38
HGDP01211	NA	GLOBAL	hgdp_highcov_wgs	WGS	GRCh38
HGDP00798	NA	GLOBAL	hgdp_highcov_wgs	WGS	GRCh38
HGDP01203	NA	GLOBAL	hgdp_highcov_wgs	WGS	GRCh38
HGDP00796	NA	GLOBAL	hgdp_highcov_wgs	WGS	GRCh38
